age,seniority,men,urban,private,marital,y
58,32,1,1,1,C,0
37,30,1,0,1,C,1
56,28,1,0,1,C,1
68,27,1,0,1,C,0
58,26,1,0,1,C,0
57,26,1,0,0,O,0
46,25,0,0,1,C,1
65,25,1,0,1,C,1
64,24,1,0,1,C,0
53,22,1,0,0,C,0
45,21,1,0,1,C,1
43,21,1,1,1,C,1
59,20,1,0,1,C,0
56,20,1,0,1,C,1
48,20,1,0,1,C,1
71,20,1,1,1,C,1
59,19,0,0,1,C,1
63,19,0,1,1,C,0
61,23,1,0,1,C,1
59,21,1,1,1,C,1
55,19,1,0,1,C,0
45,19,1,0,1,C,1
72,19,1,0,1,C,0
53,19,1,0,1,C,1
50,21,1,1,1,C,0
57,19,1,0,1,C,0
65,19,1,0,1,C,0
66,19,1,1,1,C,0
68,26,0,1,1,C,1
53,20,1,0,1,C,1
62,30,1,1,1,C,0
71,18,1,1,1,O,1
52,24,1,0,1,C,1
69,18,1,0,1,C,0
64,18,1,1,1,C,1
54,21,1,0,1,C,1
50,19,1,0,1,C,1
66,18,1,0,1,C,0
53,19,0,1,1,O,1
43,26,1,0,1,C,1
76,18,1,0,1,C,0
56,18,1,1,1,C,1
47,25,1,1,1,S,1
47,17,1,1,1,C,1
56,26,1,1,1,C,1
50,23,1,0,1,C,1
44,19,1,1,1,C,1
50,20,1,1,1,C,0
62,15,1,0,1,C,0
65,18,1,0,1,C,0
46,17,1,0,1,C,0
48,17,1,0,1,C,1
60,17,1,0,1,C,0
46,17,0,0,1,S,0
48,17,1,1,1,C,0
54,26,1,0,1,C,1
64,17,1,1,1,C,0
51,21,1,1,1,C,1
69,16,1,0,1,C,0
47,21,0,0,1,S,1
44,18,1,1,1,C,1
61,16,0,0,1,C,1
52,16,0,1,1,S,0
56,21,1,0,1,C,1
61,16,1,0,1,C,0
72,16,1,1,1,C,0
46,16,1,0,1,S,0
48,18,1,0,1,C,1
48,16,1,1,1,C,1
44,16,1,1,1,C,1
48,16,1,0,1,C,0
64,19,1,0,1,C,0
36,16,0,1,1,O,1
47,16,1,1,1,C,1
57,16,1,0,1,C,0
58,18,1,1,1,C,1
53,15,1,1,1,C,1
49,21,1,0,1,C,1
74,29,1,0,1,C,1
46,25,1,0,1,C,1
55,20,1,0,1,C,0
57,28,1,0,1,C,1
55,15,1,0,1,S,0
76,19,1,0,1,C,0
54,21,1,0,1,S,1
51,15,1,0,1,C,0
73,15,1,1,1,C,0
57,21,1,0,1,C,1
50,15,1,0,1,C,0
58,21,1,0,1,C,1
66,15,1,1,1,C,0
43,15,0,1,1,S,0
39,15,0,1,1,O,1
77,15,1,0,1,C,1
47,15,1,1,1,C,0
66,20,1,0,1,S,0
47,14,1,0,1,O,0
46,14,1,0,1,C,0
53,14,0,1,1,C,0
57,14,1,1,1,C,1
54,14,1,0,1,C,0
41,14,1,0,1,C,0
48,18,1,1,1,C,1
65,14,1,1,1,C,1
74,14,1,0,1,C,0
42,14,1,0,1,S,0
59,17,1,0,1,C,0
45,14,1,0,1,C,1
33,15,1,0,1,C,0
47,16,1,1,1,S,1
44,14,1,1,1,C,1
57,14,0,1,1,C,1
55,20,1,0,1,C,0
42,15,1,0,1,C,1
52,14,1,0,1,C,0
70,16,1,0,1,C,0
35,16,1,0,1,C,1
37,16,1,0,1,C,0
39,15,1,0,1,C,1
51,21,0,0,1,C,0
45,15,1,0,1,S,1
67,20,1,1,1,C,0
49,14,0,0,1,C,0
51,14,1,1,1,C,1
72,20,1,0,1,C,0
43,17,1,1,1,C,1
56,14,1,0,1,C,0
42,15,1,0,1,C,0
32,14,0,1,1,S,1
43,18,1,1,1,C,1
85,35,1,0,1,S,1
57,16,1,1,1,C,0
44,14,1,0,1,C,0
36,14,1,0,1,C,1
37,14,1,0,1,C,1
62,15,1,0,1,C,0
53,14,1,0,1,C,0
41,14,1,0,1,C,0
33,14,0,1,1,S,0
58,14,1,0,1,C,0
65,13,1,0,1,O,0
40,14,0,0,1,C,1
42,13,1,0,1,C,0
48,20,1,0,1,S,1
63,24,1,0,1,C,0
47,22,1,0,1,C,0
60,20,1,0,1,C,0
46,21,0,1,1,S,1
34,13,1,0,1,C,0
32,13,0,0,1,C,1
59,13,1,0,1,C,0
55,20,1,0,1,C,0
43,17,1,0,1,S,0
30,19,0,0,1,C,0
68,21,1,0,1,C,0
53,21,1,0,1,C,0
61,13,1,0,1,C,0
46,14,1,0,1,S,0
44,21,1,1,1,O,0
43,19,0,0,1,S,0
58,16,1,1,1,C,0
44,15,1,0,1,C,0
36,13,1,0,1,C,1
70,26,1,0,1,C,0
73,21,1,0,1,C,0
50,14,1,0,1,C,0
41,13,1,0,1,C,0
48,19,1,0,1,C,1
73,14,1,0,1,C,0
81,19,1,0,1,C,0
56,13,1,1,1,C,1
48,18,1,1,1,C,1
32,17,1,0,1,C,1
44,13,1,1,1,C,0
54,13,1,0,1,C,0
43,15,1,0,1,C,1
41,15,1,0,1,C,1
39,13,1,0,1,C,0
58,13,1,0,1,C,0
37,13,1,1,1,C,1
44,15,1,0,1,C,0
57,13,1,0,1,C,0
61,9,1,1,1,O,0
43,20,1,1,1,C,1
50,14,1,0,1,O,1
41,13,1,0,1,C,0
51,17,1,1,1,C,1
45,18,0,0,1,O,0
56,19,1,0,1,C,0
57,14,1,1,1,C,0
52,13,1,0,1,C,1
41,13,1,0,1,C,0
56,13,1,0,1,C,0
63,16,1,1,1,C,1
58,13,1,0,1,C,0
43,15,1,0,1,C,0
45,23,1,0,1,S,0
41,17,1,1,1,S,0
44,13,1,1,1,C,0
65,14,1,0,1,C,0
39,12,0,1,1,C,0
68,22,1,1,1,C,1
68,13,1,0,1,C,0
36,17,1,0,1,C,0
44,12,1,1,1,C,0
52,12,0,0,1,C,0
46,18,0,1,1,C,1
52,12,1,0,1,C,0
51,14,1,0,1,C,0
42,12,0,1,1,C,0
43,12,1,1,1,S,0
59,25,1,0,1,O,1
36,12,1,1,1,C,0
71,12,1,0,1,C,0
40,16,1,0,1,S,0
63,12,1,1,1,C,1
50,23,1,0,1,C,1
44,15,1,0,1,O,0
65,24,1,0,1,C,0
43,15,1,0,1,C,0
52,23,1,0,1,C,1
67,13,1,0,1,C,0
56,20,1,0,1,C,1
56,20,1,1,1,C,1
44,25,1,0,1,S,1
48,12,1,0,1,C,0
50,16,1,0,1,C,0
54,12,1,0,1,C,0
41,15,1,0,1,C,1
47,12,1,0,1,C,1
27,12,1,0,1,C,1
45,13,0,1,1,C,1
41,18,1,1,1,C,1
38,15,1,0,1,C,1
37,16,1,0,1,C,1
70,38,1,0,1,C,0
52,15,1,1,1,S,0
47,21,1,1,1,C,1
52,21,1,0,1,S,0
52,24,1,0,1,C,1
51,17,1,0,1,C,0
69,25,1,0,1,C,1
39,21,1,0,1,C,0
68,12,1,0,1,C,0
46,12,1,0,1,C,1
38,14,1,1,1,C,1
56,21,1,1,1,C,0
35,12,1,0,1,C,0
42,14,0,1,1,C,0
33,13,0,0,1,C,1
61,15,1,0,1,C,0
39,16,1,0,1,S,1
43,24,0,1,1,C,0
57,12,1,1,1,C,0
40,16,1,0,1,S,0
42,12,1,1,1,C,0
63,13,1,1,1,C,0
61,21,1,1,1,C,1
36,14,1,0,1,C,0
50,11,0,1,1,S,1
72,15,1,0,1,C,0
47,11,1,1,1,C,0
46,11,1,1,1,C,0
36,11,1,0,1,C,0
50,15,0,0,1,C,0
74,20,1,1,1,C,1
63,20,0,0,1,C,0
63,11,1,0,1,C,0
38,11,1,1,1,C,0
59,11,1,1,1,O,0
46,19,1,0,1,C,0
56,17,1,0,1,C,0
49,13,1,1,1,C,1
50,11,0,1,1,C,0
70,11,1,0,1,C,0
55,11,0,0,1,C,0
64,27,1,0,1,C,1
64,11,1,1,1,C,0
37,15,1,0,1,C,1
57,19,1,1,1,C,0
40,16,1,0,1,C,0
44,16,1,0,1,C,1
76,11,1,0,1,C,0
65,11,1,0,1,C,0
52,11,1,1,1,S,0
70,26,1,0,1,C,1
37,13,0,0,1,S,1
56,17,1,1,1,C,1
49,19,0,1,1,S,0
40,20,1,0,1,C,0
49,11,0,0,1,C,1
39,15,1,0,1,C,1
37,14,1,0,1,C,0
58,11,1,1,1,C,1
45,11,1,0,1,C,0
50,21,1,0,1,C,1
36,11,0,1,1,C,0
55,27,0,0,1,C,0
35,15,1,1,1,S,0
70,14,1,0,1,C,0
33,14,0,1,1,S,1
65,11,1,0,1,C,0
47,16,1,0,0,C,0
43,22,1,0,1,C,1
58,14,1,0,0,C,0
41,11,1,1,1,S,1
44,12,1,1,1,C,1
49,24,1,0,1,C,0
31,2,1,0,1,S,0
65,16,0,0,1,O,1
58,22,1,0,1,C,0
43,18,1,0,1,C,1
53,11,1,0,1,C,0
58,22,0,1,1,C,1
69,20,1,0,1,C,0
48,14,1,0,1,C,0
41,18,1,0,1,C,1
37,13,1,0,1,S,0
60,31,1,1,1,C,1
45,15,1,1,1,S,1
49,22,1,1,1,C,1
55,11,1,1,1,C,0
71,14,1,0,1,C,0
54,20,1,0,1,C,0
38,14,1,1,1,C,0
61,16,1,1,1,C,1
44,12,1,1,1,C,1
63,11,1,1,1,C,0
39,10,1,0,1,S,0
61,10,1,1,1,C,0
49,14,0,0,1,C,1
38,15,1,1,1,C,1
59,26,0,0,1,C,1
35,17,1,0,1,S,0
47,10,1,1,1,C,1
62,15,1,1,1,C,1
45,14,1,1,1,C,1
52,20,1,0,1,C,1
53,15,0,1,1,C,1
46,16,1,0,1,C,0
66,20,1,0,1,C,0
49,20,1,0,1,C,1
62,10,1,1,1,C,0
88,24,1,0,1,C,0
29,10,1,0,0,S,0
58,10,1,0,1,C,0
51,16,1,0,1,C,0
61,10,1,1,0,C,0
82,20,1,0,1,C,0
58,19,1,1,1,C,0
51,12,1,1,1,S,1
55,10,1,0,1,C,1
68,10,1,1,1,C,0
56,17,1,1,1,C,1
22,21,1,0,1,C,1
55,23,1,0,1,C,0
49,16,1,1,1,C,1
33,15,0,0,1,S,1
61,18,1,0,1,S,0
35,13,1,0,1,C,1
56,28,1,0,1,C,0
39,12,0,0,1,C,1
37,14,1,1,1,S,1
63,21,1,0,1,C,0
36,10,1,1,1,C,0
71,20,1,0,1,S,0
51,25,1,0,1,C,1
67,10,1,0,1,O,0
48,20,1,0,1,C,1
61,15,1,0,1,C,0
35,10,1,1,1,C,1
75,12,1,0,1,C,0
42,12,1,1,1,C,1
60,18,1,1,1,C,0
56,18,1,0,1,C,0
39,14,1,0,1,S,0
38,13,1,0,1,C,0
56,18,1,0,1,C,0
37,10,1,1,1,S,1
30,13,1,1,1,S,1
53,20,1,1,1,C,1
53,14,1,0,1,C,0
49,14,1,0,1,C,0
56,10,1,0,1,C,0
42,9,1,1,1,C,0
54,9,1,0,1,C,0
51,9,1,1,1,C,0
62,16,1,0,1,C,0
54,9,1,1,1,C,0
63,14,1,1,1,C,1
58,17,1,0,1,C,0
41,21,1,0,1,S,0
52,24,1,0,1,C,0
53,22,1,1,1,C,0
47,9,1,1,1,C,1
46,12,1,1,1,C,1
38,9,1,0,1,C,0
32,9,1,0,1,C,0
56,20,1,0,1,C,1
54,19,1,0,1,C,0
56,14,1,0,1,C,0
38,13,1,1,1,C,1
54,14,1,1,1,C,1
46,26,0,1,1,C,1
45,9,1,1,1,S,1
57,15,1,0,1,O,1
52,20,1,1,1,C,1
32,14,1,0,1,S,1
58,20,1,1,1,C,0
38,14,1,0,1,C,1
36,9,1,1,1,C,1
42,13,1,1,1,C,1
65,13,1,1,1,C,1
45,15,0,0,1,C,1
45,15,1,1,1,C,1
58,13,1,0,1,C,0
72,9,1,0,1,C,0
49,14,0,0,1,O,0
36,9,0,0,1,C,0
39,13,0,1,1,C,0
43,17,1,0,1,C,1
33,9,1,0,1,C,0
58,14,1,1,1,C,0
32,9,1,0,1,O,1
48,9,1,0,1,C,0
69,9,1,0,1,C,0
45,17,1,0,1,S,0
52,12,1,0,1,C,0
33,11,1,0,1,C,0
47,9,0,1,1,S,1
60,9,0,1,1,C,1
39,11,0,1,1,C,1
47,9,0,1,1,C,1
39,13,0,0,1,C,0
39,9,0,0,1,C,1
33,14,0,1,1,C,1
33,9,1,1,1,C,1
52,10,0,1,1,C,0
66,14,1,0,1,S,0
61,15,1,1,1,S,0
56,9,1,0,1,C,1
56,9,0,1,1,C,1
72,14,1,0,1,C,0
38,14,1,0,1,C,0
46,11,1,1,1,C,0
68,20,1,0,1,C,0
62,30,1,0,1,C,1
32,9,1,0,1,C,0
54,18,1,0,1,C,1
57,12,1,0,1,C,0
31,12,1,0,1,S,1
48,9,0,0,1,C,0
22,9,1,0,1,S,0
48,25,1,0,1,C,0
34,10,1,1,1,C,0
37,14,1,0,1,S,0
75,20,1,0,1,C,0
38,22,1,1,1,C,0
53,20,1,0,1,C,1
47,2,1,1,1,C,0
35,11,1,1,1,S,1
40,13,1,0,1,S,1
37,16,0,0,1,S,0
71,15,1,1,1,C,1
71,11,1,0,1,C,0
40,16,0,0,1,C,1
65,19,1,0,1,C,0
42,10,0,1,1,C,1
57,20,1,0,1,C,1
64,19,1,1,1,C,0
73,18,1,0,1,C,0
63,15,1,1,1,C,0
73,18,1,0,1,C,0
38,16,1,1,1,S,1
77,13,1,0,1,C,0
73,29,1,0,1,C,1
46,23,1,1,1,C,0
38,11,1,1,1,C,1
58,19,1,0,1,C,0
67,23,1,0,1,C,0
34,13,1,0,1,S,1
42,17,0,0,1,C,1
70,32,1,0,1,C,1
73,15,1,0,1,C,0
44,21,1,1,1,S,1
37,9,1,1,1,S,1
49,17,0,0,1,C,1
49,17,1,0,1,C,0
53,9,1,0,1,C,0
47,15,0,0,1,C,1
60,18,1,1,1,C,0
39,13,1,1,1,C,1
67,20,1,1,1,O,1
44,20,1,0,1,C,0
63,24,1,1,1,C,0
66,11,1,1,1,C,0
45,14,1,0,1,C,0
36,11,1,0,1,C,0
36,13,0,0,1,S,1
49,9,1,0,1,C,0
35,18,1,0,1,C,0
39,15,0,0,1,C,1
34,14,1,1,1,O,0
44,19,1,0,1,C,1
36,10,0,0,1,C,0
34,9,1,1,1,C,0
37,17,1,1,1,C,0
44,14,1,0,1,S,1
58,20,1,0,1,C,0
64,15,1,0,1,C,0
48,9,0,0,1,C,1
31,12,1,0,1,C,0
38,12,1,0,1,S,0
57,26,1,1,1,C,1
36,14,1,0,1,C,0
63,20,1,1,1,C,0
49,20,1,0,1,C,0
46,28,1,0,1,C,0
43,18,1,0,1,C,1
52,13,1,1,1,C,1
48,25,0,0,1,C,1
51,13,1,1,1,O,1
48,19,1,0,1,C,1
53,15,1,0,1,C,0
48,15,1,0,1,S,0
51,21,1,1,1,C,0
42,9,1,1,1,C,1
46,9,0,0,1,C,1
33,15,1,0,1,C,1
43,13,1,1,1,C,0
51,21,1,0,1,S,1
40,22,1,0,1,C,1
73,10,1,0,1,C,0
62,21,0,0,1,S,1
56,14,1,0,1,C,0
57,15,1,1,1,C,0
33,23,1,0,1,C,1
48,9,1,0,1,C,0
76,24,1,0,1,C,0
65,20,1,1,1,C,1
78,15,1,0,1,C,0
51,9,1,0,1,C,0
48,14,1,0,1,C,0
49,25,1,0,1,C,1
31,13,1,0,1,C,0
44,13,0,0,1,S,0
38,14,1,0,1,C,1
46,15,1,0,1,C,0
57,24,1,1,1,C,1
47,10,1,0,1,C,0
46,14,1,1,1,O,0
48,24,1,0,1,C,1
47,13,1,0,1,C,0
29,9,0,0,1,S,0
58,14,1,0,1,C,0
62,19,1,0,1,C,0
47,10,1,0,1,C,0
38,14,1,0,1,C,1
37,15,1,0,1,S,1
48,21,1,0,1,C,0
83,21,1,0,1,C,0
83,11,1,0,1,C,0
35,9,1,1,1,C,1
63,9,1,1,1,C,0
35,17,0,1,1,O,0
51,22,1,0,1,C,1
54,30,0,0,1,C,1
43,18,1,1,1,C,1
55,16,0,1,1,C,1
45,12,1,0,1,C,0
37,10,0,0,1,S,1
52,13,1,0,1,C,0
55,15,1,0,1,C,0
39,13,1,1,1,C,0
45,15,1,1,1,C,0
55,11,1,0,1,C,0
31,10,1,0,1,S,0
55,21,1,1,1,C,0
52,9,0,1,1,C,0
37,12,1,0,1,S,0
57,13,1,1,1,C,1
52,27,1,0,1,S,0
49,20,1,0,1,C,0
39,16,1,1,1,S,0
59,13,1,1,1,C,0
55,23,1,0,1,S,0
56,22,1,1,1,C,0
33,13,0,0,1,S,1
70,29,0,1,1,C,1
30,12,0,0,1,C,1
38,16,1,0,1,S,0
74,9,1,1,1,C,0
51,12,1,0,1,C,1
55,20,1,0,1,C,0
37,10,1,0,1,S,1
33,14,1,1,1,S,0
42,9,1,0,1,S,0
60,24,1,1,1,C,1
35,9,1,0,1,C,0
36,9,1,0,1,C,0
73,18,1,1,1,C,1
35,14,1,0,1,S,0
50,20,0,0,1,C,0
37,14,1,0,1,C,0
71,33,1,0,1,C,0
69,9,1,0,1,C,0
37,9,1,0,1,S,0
52,11,1,0,1,C,1
34,11,1,0,1,S,1
49,15,0,0,1,C,1
49,16,1,1,1,C,0
35,10,1,0,1,C,0
45,17,1,0,1,C,0
63,10,1,1,1,C,1
38,11,1,1,1,C,1
41,9,0,1,1,C,1
59,10,1,0,1,C,0
67,11,1,0,1,C,0
55,16,1,1,1,C,0
64,15,1,0,1,C,0
27,11,0,0,1,S,0
44,18,1,1,1,C,1
57,17,1,0,1,C,0
52,13,1,0,1,C,0
35,16,1,1,1,C,0
51,12,1,0,1,C,0
44,11,1,0,1,C,0
37,14,1,0,1,S,1
37,11,1,1,1,S,1
38,14,1,0,1,C,0
52,14,1,1,1,C,0
42,10,0,1,1,C,0
35,14,1,1,1,C,1
38,14,1,1,1,C,0
54,10,0,0,1,C,0
57,16,1,0,1,C,0
60,27,0,0,1,C,0
38,14,1,0,1,C,1
34,13,1,0,1,C,1
57,11,1,0,1,C,0
38,22,1,0,1,C,1
53,9,1,0,1,C,0
42,14,1,0,1,C,0
55,21,0,1,1,C,1
65,26,1,0,0,C,1
38,16,1,0,1,S,0
74,10,1,0,1,C,0
58,17,1,0,1,C,0
70,27,1,0,1,C,1
58,18,1,0,1,C,1
52,11,1,1,1,C,1
33,11,1,1,1,C,1
60,17,1,0,1,C,0
38,10,0,1,1,C,0
50,12,1,0,1,O,0
31,11,1,0,1,C,1
50,29,1,0,1,C,0
45,12,0,1,1,C,0
73,15,1,1,1,C,0
45,15,1,0,1,O,1
37,15,1,0,1,C,1
38,12,0,0,1,S,0
63,21,1,0,1,C,0
42,16,0,1,1,C,0
65,10,1,0,1,C,0
54,19,0,0,1,C,0
56,20,1,0,1,C,1
69,14,1,1,1,C,0
55,15,0,0,1,C,0
54,19,1,0,1,C,1
36,10,1,1,1,S,0
50,14,1,0,1,C,0
34,9,1,1,1,S,0
45,17,0,0,1,S,1
34,9,1,0,1,C,1
60,20,1,1,1,C,1
54,16,0,1,1,C,1
37,9,1,0,1,C,0
51,21,1,1,1,S,0
73,17,1,1,1,C,1
38,13,0,0,1,C,1
43,20,1,0,1,C,0
45,15,1,0,1,C,0
32,16,0,1,1,S,1
61,9,1,0,1,C,0
75,12,1,1,1,C,0
46,15,1,1,1,C,0
43,10,0,0,1,C,1
46,10,1,0,1,C,0
52,14,1,1,1,C,1
42,18,1,0,1,S,1
38,15,1,0,1,C,0
38,15,1,0,1,S,0
29,13,1,1,1,S,0
47,14,1,1,1,C,0
52,14,1,0,1,C,0
44,15,0,0,1,C,1
49,14,1,0,1,C,1
54,23,1,0,1,C,1
42,14,0,0,1,C,1
31,10,0,0,1,C,1
33,14,1,0,1,S,0
47,24,1,0,1,C,1
52,14,1,1,1,S,1
54,14,0,0,1,C,1
73,15,1,0,1,C,0
32,10,1,0,0,S,0
44,19,1,1,1,C,1
32,23,1,0,1,S,1
33,20,0,0,1,C,1
75,17,1,1,1,C,0
60,17,1,0,1,C,0
31,12,0,0,1,S,0
58,12,1,1,1,C,1
35,12,1,0,1,C,0
37,2,0,0,0,C,0
66,28,1,0,1,C,1
59,17,1,1,1,C,1
39,16,1,0,1,C,0
74,14,1,0,1,C,0
45,15,0,0,1,C,0
51,20,1,1,1,C,0
52,13,1,0,1,C,0
47,17,1,0,1,C,1
58,17,1,0,1,C,0
43,13,0,1,1,C,1
51,9,0,0,1,C,1
47,14,1,1,1,S,1
59,21,1,0,1,S,0
34,9,1,0,0,C,0
45,11,0,0,1,C,0
33,10,1,0,1,O,0
41,13,0,1,1,C,0
58,16,1,0,1,C,0
63,13,1,0,1,C,0
39,15,1,0,1,C,1
72,14,1,0,1,C,0
46,12,1,1,1,C,0
75,26,1,1,1,C,1
29,25,1,0,1,C,1
46,16,1,0,1,C,0
55,16,1,0,1,C,0
38,14,1,1,1,C,1
40,11,1,0,1,C,0
46,21,1,1,1,C,0
60,11,1,0,1,C,0
72,21,1,0,1,C,0
62,17,1,1,1,C,0
39,16,1,1,1,S,0
40,20,0,0,1,C,1
43,22,1,1,1,C,1
37,11,1,0,1,C,0
43,16,1,1,1,C,1
72,17,1,1,1,C,1
55,19,1,1,1,C,0
74,11,1,0,1,C,0
51,13,1,0,1,C,0
56,17,1,0,1,C,0
40,12,1,0,1,C,0
45,17,1,0,1,C,0
38,12,1,1,1,S,0
55,9,0,0,1,C,0
51,12,0,0,1,S,1
55,25,1,0,1,S,0
33,13,1,0,1,C,1
55,19,1,0,1,C,1
71,9,1,1,1,C,0
73,26,1,0,1,C,0
41,14,1,0,1,S,1
52,13,1,0,1,C,1
30,15,0,0,1,C,1
47,23,1,0,1,C,1
33,15,1,1,1,C,1
53,20,1,1,1,C,0
58,18,1,0,1,C,0
36,11,1,0,1,C,0
48,20,1,1,1,C,1
65,18,1,0,1,C,0
43,20,0,1,1,C,1
51,15,1,0,1,C,0
72,13,1,1,1,C,0
60,23,1,0,1,C,1
49,21,0,0,1,S,1
56,19,1,1,1,C,1
40,14,1,0,1,S,0
63,20,1,0,1,C,0
45,19,1,0,1,C,1
42,18,1,0,1,C,0
58,20,1,0,1,S,1
63,18,1,0,1,C,0
36,12,1,0,1,C,0
48,25,0,1,1,C,0
44,9,0,1,1,C,1
53,13,1,0,1,C,0
37,10,1,1,1,S,1
53,16,0,0,1,C,1
47,22,1,1,1,S,0
58,18,1,0,1,C,1
41,14,0,1,1,S,1
49,8,1,1,1,C,0
44,15,1,0,1,C,0
77,17,1,0,1,C,0
37,13,0,1,1,C,0
37,10,0,0,1,S,1
37,12,0,0,1,C,0
52,20,1,1,1,C,0
56,10,1,0,1,C,1
47,18,1,0,1,C,0
42,13,1,1,1,C,1
43,11,1,0,1,C,0
33,16,1,0,1,S,1
63,20,1,1,1,C,1
43,19,1,1,1,C,1
32,8,0,0,1,S,1
42,9,1,0,1,C,0
48,12,0,0,1,S,1
49,27,0,0,1,S,1
41,26,1,0,1,C,1
44,13,1,1,1,C,1
61,9,0,0,1,C,0
31,8,1,0,1,C,0
61,14,1,1,1,C,0
60,32,1,0,1,C,1
51,8,1,0,1,C,0
38,14,0,0,1,S,0
58,12,1,1,1,C,1
58,23,1,1,1,C,0
37,8,1,0,1,C,0
43,18,1,0,1,C,0
45,15,1,1,1,C,0
73,8,1,0,1,C,0
53,8,1,1,1,C,0
63,22,1,0,1,C,0
44,19,1,0,1,C,1
52,29,1,0,1,C,1
39,14,1,0,1,C,1
31,15,1,0,1,C,0
62,13,1,1,1,C,0
34,16,1,1,1,S,0
73,15,1,0,1,C,0
55,13,1,1,1,C,1
57,12,1,0,1,C,0
38,14,1,0,1,C,1
38,16,1,0,1,S,0
44,14,1,0,1,C,0
44,12,1,1,1,S,1
42,14,1,0,1,C,0
52,14,1,0,1,C,0
62,13,0,1,1,S,0
39,18,1,0,1,S,1
62,14,1,0,1,C,0
55,31,1,0,1,C,1
44,14,1,0,1,C,0
76,15,1,0,1,C,0
37,16,1,1,1,C,0
44,10,1,0,1,O,0
43,14,1,1,1,C,0
34,9,1,1,1,O,1
44,19,0,0,1,C,1
42,16,1,0,1,C,1
72,15,0,1,1,C,1
49,14,1,0,1,C,0
56,9,1,0,1,C,0
44,16,1,0,1,S,0
44,18,1,1,1,C,1
49,19,1,0,1,S,0
54,26,1,0,1,C,1
78,20,1,0,1,C,0
35,13,1,1,1,S,0
48,8,0,0,1,C,0
39,14,1,0,1,C,1
45,19,1,0,1,C,0
46,19,0,0,1,S,0
47,13,1,1,1,C,0
34,11,0,1,1,C,1
38,14,1,0,1,S,1
61,19,1,0,1,C,0
36,10,1,1,1,C,1
49,11,1,0,1,C,0
34,12,1,0,1,S,1
36,15,1,0,1,C,1
43,11,0,0,1,C,1
57,20,0,1,1,C,0
53,21,0,0,1,C,0
30,9,1,1,1,S,0
29,9,1,1,1,C,1
53,15,1,0,1,C,0
37,13,0,0,1,S,0
62,21,1,0,1,C,0
41,15,1,1,1,C,0
56,17,1,0,1,C,0
68,8,1,1,1,C,0
60,15,0,0,1,O,1
51,8,0,0,1,C,0
39,16,1,0,1,C,0
46,18,1,0,1,S,0
62,15,1,0,1,C,0
35,10,1,0,1,C,1
75,12,1,1,1,C,0
45,16,0,1,1,S,1
41,13,1,0,1,C,0
29,11,0,0,1,C,0
66,18,1,0,1,C,0
40,16,1,0,1,C,0
35,8,1,0,1,C,0
32,20,1,0,1,S,0
46,19,0,0,1,C,1
37,13,1,0,1,S,0
41,40,1,0,1,C,0
30,11,1,0,1,C,0
68,14,0,1,1,C,1
48,12,1,1,1,C,0
52,13,0,1,1,S,1
41,15,1,0,1,S,0
57,9,1,0,1,C,0
62,23,1,0,1,C,1
45,17,1,0,1,C,1
52,15,0,0,1,C,1
59,21,1,1,1,C,0
40,8,1,0,1,O,0
49,19,1,0,1,C,0
56,23,0,0,1,C,1
32,12,1,0,1,C,0
30,9,1,1,1,S,1
57,10,1,1,1,C,1
38,18,1,0,1,S,0
54,20,1,0,1,S,0
50,14,1,0,1,C,0
56,19,1,1,1,S,0
54,18,1,1,1,C,1
50,23,1,0,1,S,1
47,17,0,0,1,C,0
38,14,1,0,1,C,1
48,8,0,0,1,C,0
35,18,1,0,1,C,1
65,15,0,0,1,S,1
35,14,1,0,1,S,0
71,27,1,0,1,C,1
41,16,1,1,1,C,1
35,9,1,0,1,O,1
32,9,0,0,1,C,1
60,27,0,1,1,C,0
48,20,1,1,1,C,1
49,9,1,0,1,C,0
44,18,1,0,1,C,0
44,16,1,0,1,C,1
47,8,0,0,1,C,0
50,20,1,0,1,C,1
50,15,1,0,1,C,0
51,18,1,0,1,C,0
59,14,1,0,1,C,0
75,17,1,1,1,C,0
29,10,0,0,1,S,0
51,14,1,1,1,C,1
49,13,1,0,1,C,0
37,15,1,0,1,S,1
36,11,1,0,1,C,0
61,13,1,1,1,C,1
63,19,0,1,1,S,1
36,13,1,0,1,S,0
48,17,1,0,1,C,0
73,28,1,0,1,C,0
82,16,1,0,1,C,0
49,14,0,0,1,O,1
49,18,1,0,1,C,1
80,9,1,1,1,C,0
33,8,0,1,1,C,0
40,16,1,1,1,C,1
39,14,1,0,1,C,1
63,14,1,1,1,C,1
41,14,1,1,1,C,0
75,15,1,1,1,C,0
40,9,1,1,1,S,0
69,12,1,0,1,C,0
67,24,1,0,1,C,1
39,15,1,1,1,C,0
50,8,0,0,1,C,0
53,9,0,0,1,C,0
43,14,1,0,1,C,0
51,16,1,0,1,C,0
62,16,1,0,1,C,0
65,27,1,0,1,C,1
73,8,1,0,1,C,0
65,2,1,0,1,C,0
34,12,0,0,1,C,1
66,8,1,0,1,C,0
46,18,1,1,1,S,1
61,13,0,0,1,O,0
79,21,1,0,1,C,0
50,9,1,0,1,C,1
36,12,1,1,1,S,1
33,25,1,0,1,C,1
51,8,1,0,1,C,0
56,15,1,0,1,C,0
72,20,1,0,1,C,0
68,15,1,0,1,C,0
38,13,1,0,1,C,0
40,13,1,0,1,C,0
60,9,1,1,1,C,0
32,8,1,0,1,C,0
37,11,1,1,1,C,0
44,18,0,1,1,C,0
42,9,0,1,1,S,0
66,21,1,1,1,C,1
48,16,1,1,1,C,1
41,9,1,0,1,C,0
40,16,1,0,1,C,1
50,21,1,1,1,C,0
43,12,1,0,1,C,0
36,10,1,0,1,C,0
67,15,1,1,1,C,1
74,15,1,0,1,C,0
43,12,0,0,1,C,0
62,12,1,0,1,C,0
52,22,1,1,1,C,0
67,15,1,0,1,S,0
63,20,1,0,1,C,0
42,12,1,0,1,S,1
41,9,1,0,1,C,0
45,13,1,1,1,C,1
76,19,1,1,1,C,0
44,11,0,1,1,C,1
52,8,0,0,1,C,0
48,19,1,0,1,C,1
34,8,1,1,1,C,0
51,16,1,0,1,C,0
50,18,1,0,1,C,1
51,9,1,0,1,C,0
63,13,1,1,1,C,0
51,15,1,0,1,C,0
62,16,1,0,1,C,0
38,9,0,0,1,C,1
67,9,1,0,1,C,0
38,15,1,0,1,C,1
49,16,1,1,1,C,1
34,11,1,1,1,C,0
35,8,0,0,1,S,1
56,15,1,0,1,C,0
67,16,0,1,1,S,0
67,19,0,1,1,C,1
46,14,1,1,1,C,0
80,19,1,1,1,C,1
69,9,0,1,1,C,1
35,11,1,0,1,S,1
51,22,1,1,1,C,1
36,15,0,0,1,C,0
38,13,1,0,1,C,0
70,11,1,0,1,C,0
36,11,1,1,1,C,0
57,16,1,1,1,C,1
38,17,1,0,1,C,1
69,19,1,0,1,C,0
39,14,1,0,1,C,0
75,13,1,0,1,C,0
64,8,1,0,1,C,0
52,15,1,0,1,C,0
62,20,1,0,1,C,0
52,9,1,0,1,C,0
34,8,1,0,1,S,0
61,15,1,0,1,C,0
44,12,0,0,1,C,1
33,12,0,0,1,S,1
58,8,1,0,1,C,1
49,16,1,0,1,C,0
58,20,1,0,1,C,0
36,14,0,0,1,C,0
36,9,0,1,1,S,1
58,10,1,0,1,C,0
61,20,1,0,1,C,0
53,15,1,1,1,C,1
49,22,1,1,1,C,1
52,9,1,1,1,C,1
34,20,0,1,1,C,1
54,11,1,0,1,C,0
35,11,0,0,1,C,1
55,11,0,0,1,C,0
67,18,1,0,1,C,0
59,26,1,0,1,C,1
39,12,1,0,1,C,0
54,17,1,0,1,C,0
57,23,1,1,1,C,1
75,11,1,0,1,C,0
40,13,0,0,1,S,0
28,11,1,0,0,C,0
42,17,0,1,1,S,1
46,15,1,1,1,C,0
51,15,1,0,1,C,0
31,20,1,0,1,S,1
37,13,1,1,1,C,1
39,15,1,0,1,C,1
42,13,0,1,1,S,1
51,18,1,0,1,C,0
35,12,0,0,1,S,1
41,13,1,0,1,S,0
61,10,0,1,1,C,0
51,16,1,0,1,C,0
49,8,1,0,1,C,0
61,9,0,1,1,C,1
52,19,0,0,1,O,1
55,15,1,1,1,C,1
75,15,1,1,1,C,0
63,9,1,1,1,C,0
43,16,1,1,1,C,1
50,12,0,1,1,C,1
43,18,1,0,1,C,1
64,15,1,0,1,C,0
36,11,1,0,1,C,0
42,15,1,0,1,C,1
46,8,0,0,1,C,0
43,24,1,0,1,S,0
60,11,1,0,1,C,0
39,15,1,1,1,C,1
73,15,1,0,1,C,0
39,8,0,0,1,C,0
52,15,1,1,1,C,1
56,22,1,1,1,C,1
52,17,0,1,1,S,1
33,13,0,0,1,S,0
30,9,1,0,1,C,1
58,14,0,0,1,C,1
54,11,1,0,1,S,0
69,17,1,0,1,C,0
38,14,1,0,1,S,1
55,8,1,0,1,C,1
42,13,0,0,1,C,1
55,26,0,0,1,C,0
43,12,0,0,1,S,1
70,9,1,1,1,C,0
45,9,0,1,1,C,0
31,8,1,1,1,C,1
40,16,1,1,1,C,0
44,20,1,0,1,C,1
51,8,0,0,1,C,0
92,16,1,1,1,C,0
42,9,0,0,1,C,0
52,12,1,0,1,C,0
44,11,1,0,1,C,0
53,9,1,1,1,C,1
83,14,1,0,1,C,0
43,15,1,1,1,C,1
62,10,0,1,1,C,1
82,19,1,0,1,C,0
33,14,1,1,1,C,1
39,9,1,0,1,S,0
58,11,1,1,1,S,0
63,14,1,0,1,C,0
40,23,1,1,1,S,0
29,10,1,0,1,C,0
66,23,1,0,1,C,0
49,9,1,1,1,C,1
44,15,0,0,1,C,0
33,10,1,1,1,C,1
38,10,1,1,1,C,0
55,10,0,0,1,C,0
38,12,0,1,1,S,0
40,16,1,0,1,C,0
40,16,0,0,1,S,1
51,19,1,0,1,C,1
38,23,1,0,1,C,1
58,26,1,0,1,C,1
62,12,1,0,1,C,0
56,9,1,1,1,C,0
61,28,1,1,1,C,1
48,19,1,1,1,C,1
72,19,1,0,1,C,0
38,13,1,1,1,S,0
60,13,1,0,1,C,0
43,14,1,0,1,C,0
45,12,0,1,1,C,1
42,13,1,1,1,C,1
76,15,1,0,1,C,0
53,8,1,0,1,C,0
57,20,1,1,1,C,1
37,11,1,0,1,S,0
67,13,1,0,1,C,0
49,19,1,1,1,C,0
65,20,1,1,1,C,1
46,9,1,0,1,C,0
43,15,1,0,1,C,1
36,13,0,0,1,C,0
66,16,1,0,1,C,0
75,30,1,0,1,C,0
79,15,1,0,1,C,0
42,20,1,0,1,C,1
39,11,1,1,1,C,1
42,17,1,1,0,C,0
41,15,1,0,1,S,0
30,11,1,0,1,C,1
58,9,0,0,1,C,0
38,16,0,0,1,C,1
53,28,1,0,1,C,0
56,13,1,1,1,C,1
48,14,1,0,1,C,0
43,15,1,0,1,C,1
53,14,1,0,1,C,0
43,14,1,0,1,C,0
38,8,1,0,1,C,0
58,18,1,0,1,C,0
38,10,1,0,1,C,0
47,21,1,0,1,C,0
38,14,0,1,1,C,1
63,20,0,0,1,C,0
34,13,1,0,1,C,1
80,10,0,1,1,C,0
46,9,1,1,1,C,0
38,15,1,0,1,S,0
66,23,1,1,1,C,0
65,8,1,1,1,C,0
61,20,1,0,1,C,0
30,9,0,0,1,S,1
61,14,1,1,1,C,1
56,25,0,1,1,S,0
47,17,1,1,1,S,1
42,9,0,0,1,C,0
71,13,1,0,1,C,0
70,19,0,0,1,O,1
50,23,0,1,1,C,1
37,11,1,0,1,S,0
56,16,1,0,1,C,0
53,9,1,0,1,C,0
31,16,0,1,1,C,1
49,18,1,1,1,C,0
38,13,1,0,1,C,0
37,8,1,0,1,C,0
47,16,1,0,1,C,0
65,9,1,0,1,C,0
55,16,1,0,1,C,0
47,23,1,0,1,S,1
35,8,1,0,1,S,0
49,9,1,1,1,C,0
41,8,1,0,1,S,0
57,8,1,0,1,C,0
59,12,0,0,1,C,0
44,10,1,1,1,C,1
51,12,0,0,1,C,1
54,18,1,1,1,C,1
67,17,1,1,1,C,1
58,13,0,0,1,C,1
44,8,1,0,1,C,0
77,14,1,0,1,C,0
73,24,1,0,1,S,0
51,26,1,1,1,C,0
50,8,1,1,1,C,1
41,15,1,0,1,C,0
38,14,1,1,1,C,1
44,15,0,1,1,C,0
50,20,1,0,1,C,1
69,17,1,0,1,C,0
45,13,1,0,1,C,0
36,12,1,0,1,C,0
42,15,0,0,1,C,0
37,8,1,0,1,C,0
35,10,1,0,1,C,0
41,17,1,0,1,C,0
43,17,1,0,1,C,0
41,24,1,0,1,C,0
48,18,1,1,1,C,1
46,13,0,0,1,C,0
29,8,1,0,1,C,0
48,17,1,0,1,C,1
37,13,1,0,1,C,1
71,19,1,0,1,C,0
40,9,0,0,1,C,1
43,17,0,0,1,C,1
49,15,0,0,1,S,0
44,14,0,0,1,C,0
49,13,1,0,1,C,0
39,14,1,0,1,C,0
41,12,0,1,1,C,1
57,9,1,0,1,C,0
37,15,1,0,1,C,0
53,10,1,0,1,C,0
55,20,1,0,1,C,0
37,12,1,1,1,C,0
62,19,1,1,1,C,0
58,20,1,0,1,C,0
49,15,0,1,1,S,1
55,10,1,0,1,C,0
69,13,1,0,1,C,0
39,20,1,0,1,C,0
70,11,1,0,1,C,0
51,15,1,0,1,C,0
47,14,1,1,1,C,1
74,10,1,0,1,C,0
38,13,1,0,1,C,0
60,20,1,0,1,S,1
39,13,0,1,1,C,1
60,10,1,0,1,C,0
34,9,0,1,1,S,0
76,17,0,0,1,C,0
59,20,1,0,1,S,1
52,20,1,0,1,C,0
50,10,1,0,1,C,0
44,22,1,0,1,C,1
42,10,1,1,1,C,0
59,21,1,0,0,C,0
62,10,1,0,1,C,0
31,12,1,1,1,C,0
58,29,1,0,1,C,1
61,9,1,0,1,C,0
55,13,1,0,1,C,0
36,12,1,0,1,C,0
43,9,0,0,1,C,1
74,13,1,0,1,C,0
65,21,0,0,1,O,1
41,12,0,0,1,C,0
40,16,0,0,1,C,0
37,10,1,1,1,S,1
36,11,1,0,1,S,0
65,18,1,1,1,C,0
57,18,1,0,1,C,0
36,12,1,0,1,S,1
70,14,1,1,1,C,0
45,11,1,1,1,C,1
74,15,1,0,1,C,0
69,14,1,0,1,C,0
35,15,0,0,1,C,1
57,20,0,0,1,C,0
43,15,1,0,1,C,1
32,14,1,0,1,S,1
63,8,0,0,1,S,0
43,15,1,1,1,C,1
40,9,1,1,1,C,0
71,21,1,0,1,C,0
34,16,1,0,1,S,0
41,16,1,1,1,S,1
33,20,0,0,1,O,0
32,8,1,0,1,S,0
39,15,1,1,1,S,1
41,14,1,0,1,S,0
47,19,1,0,1,C,1
41,19,1,0,1,C,1
45,20,1,0,1,S,1
37,14,1,1,1,C,0
52,12,1,0,1,C,0
68,14,0,0,1,C,0
39,12,1,0,1,S,1
55,23,1,0,1,C,1
45,9,1,0,1,C,1
84,14,1,0,1,C,0
46,13,1,0,1,S,1
56,23,1,0,1,C,1
47,11,1,0,1,C,0
69,15,1,0,1,C,0
52,10,1,0,1,C,0
51,15,1,0,1,C,0
35,11,1,1,1,C,0
36,14,1,0,1,S,0
35,14,0,1,1,S,1
57,21,1,1,1,C,1
50,13,1,0,1,C,0
61,15,1,1,1,C,1
64,22,1,1,1,C,0
48,20,1,0,1,C,1
62,14,1,1,1,C,0
52,23,0,0,1,C,1
48,18,1,0,1,C,1
45,20,0,1,1,S,0
56,8,1,1,1,C,0
30,16,1,0,1,S,1
56,27,1,0,1,C,1
35,11,1,0,1,S,1
44,17,1,0,1,C,0
60,10,1,0,1,C,0
54,17,0,1,1,C,1
51,9,0,1,1,S,1
63,20,1,0,1,S,0
38,9,1,0,1,S,0
60,10,1,0,1,C,0
61,9,1,0,1,C,0
48,16,1,0,1,C,0
46,17,1,0,1,C,1
38,8,0,0,1,C,1
68,8,1,0,1,C,0
44,14,0,0,1,C,1
36,13,1,0,1,C,1
72,8,1,0,1,C,0
54,9,1,0,1,C,0
55,15,1,0,1,C,0
46,21,1,0,1,C,0
54,9,1,0,1,C,0
37,14,1,0,1,C,0
39,11,0,1,1,O,1
41,20,1,0,1,C,1
65,9,1,0,1,C,0
58,14,1,0,1,C,0
48,20,1,1,1,C,1
48,16,1,0,1,C,0
47,11,1,0,1,C,0
36,13,1,0,1,C,0
36,15,1,0,1,C,0
75,18,1,1,1,C,1
56,9,1,0,1,C,0
53,10,0,0,1,C,0
49,10,0,0,1,S,1
38,13,1,0,1,C,0
46,8,1,0,1,C,0
35,8,1,0,1,C,0
35,14,1,1,1,S,1
58,11,1,0,1,C,0
47,12,1,0,1,C,0
44,13,1,0,1,C,0
39,15,0,1,1,C,1
40,19,0,0,1,C,0
58,12,1,0,1,C,0
39,15,1,0,1,C,0
40,17,1,0,1,C,1
61,18,0,1,1,C,1
61,14,1,1,1,C,1
62,24,1,1,1,S,1
50,24,1,1,1,C,1
44,13,1,0,1,S,1
38,19,1,1,1,S,0
38,14,1,0,1,C,0
44,8,1,1,1,C,1
42,15,0,0,1,C,0
45,16,0,1,1,O,0
47,13,1,1,1,C,1
24,10,1,0,1,S,0
63,20,1,0,1,C,0
55,15,1,0,1,C,0
25,20,1,0,1,S,0
42,21,1,1,1,O,0
46,9,1,0,1,C,0
39,12,1,0,1,C,0
68,15,1,1,1,C,1
48,17,1,1,1,S,1
40,20,0,0,1,C,1
39,8,1,0,1,C,0
50,22,1,0,1,S,1
48,9,1,1,1,C,0
38,11,1,1,1,C,1
33,12,1,0,1,C,1
46,22,1,0,1,S,0
43,8,1,0,0,C,1
46,8,1,0,1,C,0
36,8,1,0,1,C,0
78,13,1,0,1,C,0
70,18,1,1,1,C,0
40,13,1,0,1,C,0
32,8,1,0,1,C,0
39,9,1,0,1,C,0
69,20,1,1,1,C,0
64,26,1,1,1,C,0
38,20,1,0,1,C,1
83,28,1,0,1,C,0
38,14,0,0,1,S,1
44,8,0,0,1,C,1
71,15,1,0,1,C,0
84,15,1,1,1,O,0
40,16,1,1,1,C,0
78,25,1,0,1,C,0
37,10,1,0,1,C,0
58,16,1,0,1,C,0
53,23,1,0,1,C,1
41,14,1,0,1,C,1
44,8,1,0,1,C,0
34,8,1,0,1,S,0
43,19,0,0,1,C,1
38,16,0,0,1,O,0
67,11,1,1,1,C,0
66,14,1,0,1,C,0
49,9,1,1,1,C,0
56,9,1,0,1,C,0
33,9,1,0,1,S,1
69,31,1,0,1,C,1
58,27,1,0,1,C,1
54,17,1,1,1,C,0
47,9,1,0,1,C,0
51,18,1,1,1,C,0
49,18,1,1,1,C,1
53,11,1,0,1,C,0
54,16,1,1,0,C,0
74,14,1,0,1,C,0
36,17,1,0,1,C,1
49,14,1,1,1,S,1
41,14,1,1,1,C,1
63,17,1,1,1,C,0
77,8,1,0,1,C,0
59,9,1,0,1,C,0
58,9,1,0,1,C,0
59,8,1,0,1,C,0
53,8,1,1,1,C,0
40,10,1,0,1,C,1
53,13,1,0,1,C,0
71,13,1,0,1,C,0
43,12,0,0,1,C,0
41,12,1,0,1,C,0
42,14,1,1,1,S,1
67,19,0,0,1,C,1
49,23,1,1,1,C,0
42,15,0,1,1,C,1
59,10,1,1,1,C,0
55,8,0,1,1,C,1
53,13,1,0,1,C,0
40,12,0,0,1,C,1
61,15,1,0,1,C,0
41,20,1,0,1,C,0
55,28,0,1,1,O,1
72,10,1,0,0,C,0
45,17,1,1,1,C,0
38,11,1,1,1,C,0
39,17,1,0,1,C,1
69,18,1,0,1,O,0
56,10,0,1,1,C,1
45,24,1,0,1,S,0
42,10,0,0,1,S,0
45,8,1,1,1,C,1
44,20,1,0,1,S,1
45,13,0,0,1,C,1
66,15,1,0,1,C,0
41,14,1,1,1,S,0
66,13,1,0,1,C,0
65,14,1,0,1,C,0
72,14,1,0,1,C,0
49,8,1,0,1,C,0
83,13,1,0,1,C,0
68,19,1,0,1,C,0
62,8,1,0,1,C,0
52,18,1,0,1,C,0
64,26,1,0,1,C,1
41,15,1,0,1,C,1
40,15,1,0,1,C,1
39,14,1,1,1,C,0
41,13,1,0,1,C,0
48,21,1,1,1,C,1
47,8,0,0,1,C,0
35,14,1,0,1,S,0
48,9,0,0,1,C,0
57,30,1,0,1,C,1
40,14,1,1,1,C,0
33,15,0,0,1,C,1
53,17,1,0,1,C,1
42,16,1,0,1,C,1
52,21,1,0,1,C,0
40,14,1,0,1,C,0
64,16,1,1,1,C,0
42,20,1,1,1,S,0
52,29,0,0,1,S,0
56,29,1,0,1,C,1
45,16,1,1,1,C,1
47,17,0,0,1,C,1
65,15,1,0,1,C,0
44,22,1,1,1,S,0
74,15,1,0,1,C,0
42,16,1,0,1,C,1
53,9,1,0,1,C,0
30,8,1,0,1,C,0
54,15,1,0,1,C,0
51,20,0,1,1,S,0
40,10,0,0,1,S,0
45,23,1,0,1,C,0
72,11,1,0,1,C,0
65,19,0,0,1,C,1
43,8,1,0,1,C,0
40,15,0,0,1,S,0
44,17,1,0,1,C,1
42,17,1,1,1,C,1
42,21,1,0,1,C,1
71,21,1,0,1,C,0
61,16,1,0,1,C,0
56,20,0,0,1,C,1
54,24,1,0,1,C,1
38,12,0,1,1,C,1
37,11,1,0,1,S,1
66,15,1,0,1,C,0
58,22,0,1,1,O,0
61,11,1,0,1,C,0
65,8,1,0,1,C,0
77,18,1,0,1,O,0
60,14,1,1,1,C,1
41,2,1,0,1,O,0
74,23,1,1,1,C,1
48,13,1,0,1,C,0
42,16,1,0,1,S,0
29,14,1,0,1,C,1
82,12,0,1,1,C,0
56,10,1,1,1,C,0
41,17,1,0,1,C,0
42,9,1,1,1,C,1
53,13,1,1,1,C,0
60,19,0,1,1,C,1
49,13,0,0,1,C,1
61,8,1,1,1,C,0
35,9,0,0,1,C,1
65,15,1,0,1,C,0
30,11,1,0,1,C,0
39,11,1,0,1,C,0
50,26,1,1,1,C,1
59,20,0,1,1,C,1
38,10,0,1,1,C,1
68,18,1,0,1,C,0
47,9,1,1,1,C,1
48,15,1,0,1,C,0
38,8,0,1,1,C,0
42,9,0,1,1,S,0
61,23,1,0,1,C,1
37,11,0,0,1,S,1
52,14,1,1,1,C,0
35,8,1,0,1,C,0
59,19,1,1,1,C,0
34,14,1,0,1,S,1
60,27,1,0,1,C,1
34,15,1,1,1,C,0
50,14,1,0,1,C,0
53,14,1,1,1,C,0
62,28,1,0,1,C,1
48,8,0,0,1,S,1
45,19,1,1,1,C,1
49,17,0,1,1,S,1
70,21,1,1,1,C,0
33,8,1,0,1,C,0
36,21,1,0,1,C,1
79,16,1,0,1,C,0
50,15,0,1,1,C,0
62,9,1,0,1,C,0
54,9,0,1,1,C,0
44,9,0,0,1,C,1
36,11,1,1,1,S,0
33,10,1,1,1,O,0
40,18,1,0,1,C,1
50,17,1,1,1,S,0
53,13,1,1,1,C,1
42,15,0,0,1,C,1
54,14,1,1,1,C,1
70,11,1,0,1,C,0
41,16,1,0,1,C,0
41,8,1,0,1,C,0
55,13,1,1,1,C,0
46,15,1,0,1,C,0
72,17,1,0,1,C,0
58,14,0,0,1,S,1
51,13,1,1,1,C,0
43,18,0,1,1,S,1
32,9,0,0,1,C,1
34,12,1,1,1,C,0
36,9,1,0,1,C,0
35,11,1,0,1,S,0
54,9,1,1,1,C,0
55,12,1,0,1,S,0
49,12,0,0,1,C,1
38,17,1,0,1,S,0
40,21,1,1,1,C,0
38,8,1,0,1,C,0
55,24,1,1,1,C,1
51,20,1,1,1,C,0
47,13,1,0,1,C,0
39,16,1,1,1,C,0
61,21,0,0,1,C,0
33,11,1,0,1,S,1
52,8,1,0,1,C,0
22,8,1,0,1,S,1
28,8,0,0,1,S,0
36,15,1,0,1,C,1
71,15,1,0,1,C,0
32,9,0,1,1,S,1
46,10,1,1,1,C,0
60,17,1,0,1,C,0
55,21,1,0,1,C,0
35,12,1,0,1,C,0
35,11,0,0,1,C,1
52,10,1,0,1,C,0
43,13,1,1,1,C,1
52,9,1,0,1,C,0
43,15,1,1,1,S,1
43,8,1,0,1,C,0
50,14,1,0,1,C,0
40,8,0,1,1,C,0
44,20,1,0,1,C,0
35,11,0,0,1,S,1
45,9,1,1,1,C,1
68,14,1,0,1,C,0
35,13,1,1,1,C,1
61,14,0,1,1,C,0
44,15,1,1,1,C,0
45,20,0,1,1,S,0
56,9,1,0,1,C,0
44,22,1,1,1,C,1
72,11,1,0,1,C,0
67,19,1,1,1,C,0
63,9,1,1,1,C,0
62,8,1,0,1,C,0
39,15,0,1,1,C,0
52,16,1,0,1,C,0
75,9,1,1,1,C,0
57,18,1,0,1,C,0
36,8,0,0,1,C,0
36,10,0,0,1,S,1
34,9,0,0,1,S,1
30,10,1,0,1,S,1
61,24,1,0,1,C,1
43,11,1,1,1,C,0
60,12,1,1,1,C,1
34,9,1,1,1,C,1
68,17,1,0,1,C,0
71,19,1,1,1,C,0
73,22,1,0,1,C,0
51,13,1,0,1,C,0
67,14,1,1,1,C,0
41,9,1,0,1,C,0
41,9,1,1,1,C,0
29,9,1,1,1,S,1
51,15,1,0,1,C,0
46,14,1,1,1,S,1
73,24,1,1,1,C,1
36,13,1,1,1,C,1
28,9,1,0,1,O,1
38,8,1,0,1,C,0
66,15,1,0,1,C,0
49,17,0,1,1,C,1
41,8,0,1,1,C,0
55,14,1,0,1,C,0
42,11,0,0,1,C,1
35,9,0,1,1,S,0
45,9,0,1,1,S,1
36,16,1,1,1,S,1
62,8,1,0,1,C,0
36,8,0,0,1,S,0
58,17,1,0,1,C,0
39,16,1,0,1,S,1
36,16,1,0,1,S,1
50,9,0,0,1,C,0
45,11,1,0,1,C,0
42,14,1,0,1,C,0
31,12,1,0,1,S,1
39,17,1,0,1,S,1
73,19,1,1,1,C,1
41,18,1,1,1,S,1
32,12,1,0,1,S,1
28,17,1,0,1,S,1
54,13,1,0,1,C,0
41,9,1,1,1,S,0
43,21,0,0,1,S,1
63,8,1,1,1,C,0
40,8,0,0,1,C,1
47,8,0,0,1,C,0
39,10,1,0,1,C,0
47,15,1,1,1,C,0
39,13,1,1,1,S,1
58,22,0,1,1,S,1
39,11,1,1,1,C,0
41,17,1,0,1,S,1
31,9,1,0,1,O,1
51,11,1,1,1,C,0
71,8,1,0,1,C,0
44,9,1,1,1,C,0
47,20,1,0,1,O,1
48,14,1,0,1,C,0
59,24,0,1,1,C,1
55,27,1,0,1,C,0
60,13,1,1,1,C,0
32,9,1,0,1,S,0
34,14,1,1,1,C,1
36,9,0,0,1,C,1
44,15,1,0,1,C,0
58,8,1,0,1,C,0
44,10,0,0,1,C,0
32,14,1,0,1,S,0
27,16,1,1,1,S,1
41,21,1,1,1,C,1
48,11,1,1,1,C,1
69,11,1,0,1,C,0
48,20,1,0,1,C,0
41,12,1,0,1,C,0
29,10,1,1,1,S,0
76,26,1,0,1,C,0
32,10,1,0,1,C,0
36,9,1,0,1,C,0
36,14,0,0,1,S,1
47,10,1,1,1,C,0
75,21,1,1,1,C,1
50,8,1,1,1,C,1
34,15,1,1,1,C,1
50,16,1,0,1,C,0
46,17,1,0,1,C,1
76,22,1,1,1,C,1
32,9,1,1,1,C,1
68,20,1,0,1,O,0
72,21,1,0,1,O,0
35,8,1,0,1,C,1
42,20,1,0,1,C,0
59,15,1,0,1,S,0
53,27,1,1,1,S,1
38,9,1,0,1,C,1
46,9,1,1,1,C,0
47,20,1,0,1,S,0
64,26,1,1,1,C,1
51,21,1,0,1,C,1
42,15,0,1,1,C,0
33,10,0,0,1,S,1
53,18,1,1,1,C,1
52,8,0,0,1,C,0
49,12,1,0,1,C,0
57,25,1,1,1,C,0
50,19,1,1,1,C,1
38,8,0,1,1,S,0
45,13,1,1,1,C,0
62,14,1,0,1,C,0
74,21,1,1,1,C,1
44,20,1,0,1,C,1
62,20,1,0,1,C,0
40,8,1,0,1,C,0
52,8,0,1,1,C,0
90,18,1,0,1,C,0
37,12,1,0,1,C,0
31,28,1,1,1,S,0
49,16,1,1,1,O,1
63,23,1,1,1,C,1
38,12,1,1,1,C,0
49,23,1,1,1,C,1
65,8,1,0,1,C,0
58,21,1,0,1,C,1
32,14,1,1,1,C,1
65,21,1,0,1,C,0
34,14,0,0,1,S,1
64,15,1,0,1,C,0
40,14,1,0,1,C,1
35,8,1,0,1,C,0
30,8,1,0,1,S,1
32,14,1,1,1,S,1
44,22,1,0,1,C,0
63,15,1,0,1,C,0
31,12,1,0,1,S,0
58,14,1,1,1,C,0
41,8,1,0,1,S,0
46,18,1,1,1,S,1
48,14,1,1,1,C,0
47,8,1,0,1,S,0
39,15,1,1,1,S,1
50,21,1,1,1,C,1
74,11,1,1,1,C,0
31,8,0,1,1,S,0
43,20,1,1,1,S,1
41,16,1,0,1,C,1
46,20,1,0,1,O,1
56,14,1,1,1,C,1
50,20,1,0,1,S,0
33,11,1,0,1,S,1
62,27,1,0,1,S,0
72,16,1,0,1,C,0
42,10,0,1,1,C,1
45,8,1,0,1,S,0
42,15,1,1,1,S,1
57,18,1,0,1,O,0
53,14,0,1,1,C,1
31,13,1,0,1,C,1
34,13,0,0,1,C,0
67,11,1,0,1,C,0
74,20,1,0,1,C,0
51,32,1,0,1,O,0
29,8,0,0,1,C,1
48,9,0,0,1,C,0
44,8,1,0,1,C,0
44,11,1,0,1,C,0
50,20,1,1,1,C,1
38,15,0,0,1,C,1
36,14,0,1,1,C,0
36,10,1,0,1,C,0
56,10,1,1,1,C,0
44,17,1,0,1,C,1
39,15,0,0,1,S,1
33,9,0,0,1,S,0
48,10,1,0,1,C,1
29,12,1,0,1,S,0
55,23,1,0,1,C,0
37,11,1,0,1,S,1
47,23,0,0,1,C,1
41,14,1,0,1,C,0
67,26,1,0,1,C,1
37,13,0,1,1,S,0
40,13,0,1,1,S,0
32,11,1,0,1,S,1
61,13,1,1,1,C,1
36,15,1,1,1,C,0
48,12,1,0,1,C,0
50,16,1,0,1,S,1
47,12,1,0,1,C,1
32,14,1,0,1,S,1
63,15,1,0,1,C,0
66,19,1,1,1,C,1
38,15,1,0,1,S,0
37,14,1,0,1,C,1
48,8,1,0,1,C,0
43,20,0,0,1,C,1
67,12,1,0,1,C,0
41,14,0,1,1,S,1
61,10,0,1,1,O,1
31,8,0,0,1,S,1
61,24,1,1,1,C,1
77,11,1,0,1,C,0
66,27,1,0,1,S,0
29,8,1,1,1,S,0
41,8,1,0,1,S,0
30,8,0,0,1,S,0
56,20,0,0,1,C,0
58,18,1,0,1,C,0
41,17,1,0,1,C,1
42,16,1,0,1,S,1
71,12,1,1,1,C,0
59,15,1,0,1,S,0
72,21,1,0,1,C,0
67,14,1,1,1,C,1
51,8,1,1,1,C,1
34,12,1,0,1,C,0
50,17,0,0,1,C,1
51,8,1,0,1,S,0
68,22,1,0,1,C,0
42,14,0,0,1,C,1
36,13,1,0,1,C,1
82,20,1,1,1,C,1
59,20,1,1,1,C,1
41,9,0,0,1,S,1
40,15,1,0,1,C,0
46,9,1,0,1,C,0
40,11,1,1,1,C,1
33,13,0,1,1,S,1
33,9,0,0,1,S,1
31,10,0,1,1,S,1
45,8,0,0,1,C,0
35,14,1,1,1,C,1
58,20,1,0,1,C,0
44,14,1,0,1,C,0
26,9,1,0,1,C,0
75,14,1,0,1,C,0
49,21,1,0,1,C,1
40,15,0,0,1,S,1
38,16,1,1,1,S,1
49,15,1,0,1,C,0
31,10,1,0,1,O,1
34,11,1,0,1,S,1
68,13,1,0,1,C,0
39,12,0,0,1,C,1
65,24,1,0,1,C,1
41,11,1,0,1,C,0
54,8,1,0,1,C,0
61,20,1,0,1,C,0
42,12,0,1,1,S,1
50,19,1,0,1,O,1
58,14,0,0,1,C,1
70,13,1,0,1,C,0
43,13,1,0,1,S,0
50,18,1,0,1,C,0
42,19,1,0,1,C,1
39,14,1,1,1,C,0
52,26,1,0,1,C,1
34,10,1,0,1,S,1
41,16,1,1,1,O,0
50,12,1,0,1,C,1
54,21,1,0,1,C,0
41,9,1,0,1,C,0
38,16,0,0,1,S,0
50,21,1,1,1,C,1
36,9,0,1,1,C,1
54,14,1,0,1,C,0
58,23,1,0,1,S,0
40,17,1,1,1,C,0
47,17,1,0,1,C,1
48,18,1,0,1,C,0
57,21,1,1,1,S,1
44,23,0,0,1,C,1
42,8,0,0,1,C,1
60,19,1,1,1,C,0
41,14,1,0,1,C,0
50,8,1,0,1,C,0
63,19,1,0,1,C,0
33,8,1,0,1,S,0
54,8,0,1,1,C,1
74,12,1,1,1,O,0
37,14,0,0,1,O,1
58,8,1,0,1,C,0
31,8,0,0,1,S,1
43,9,0,0,1,S,1
37,14,1,1,1,O,1
50,17,1,1,1,C,0
45,16,1,0,1,C,1
62,12,1,0,1,C,0
49,19,1,0,1,C,1
60,17,1,1,1,C,1
47,18,1,1,1,C,0
30,12,0,0,1,C,0
39,14,1,0,1,C,0
78,12,1,0,1,C,0
40,14,1,1,1,C,1
46,14,1,1,1,C,1
33,12,1,1,1,C,0
49,27,1,0,1,C,0
59,12,1,0,1,C,0
40,9,1,0,1,C,0
36,23,1,0,1,C,1
37,15,1,0,1,S,1
62,36,1,0,1,C,0
65,20,1,1,1,C,0
53,16,1,1,1,C,1
63,24,0,1,1,C,1
49,8,1,0,1,C,0
55,14,1,1,1,C,0
51,9,1,1,1,C,1
64,11,1,0,1,C,0
66,25,1,1,1,C,1
52,25,1,1,1,C,1
36,10,1,1,1,C,1
34,9,1,1,1,C,1
46,10,0,0,1,C,1
36,10,0,0,1,C,0
73,20,1,1,1,C,1
34,9,0,1,1,C,0
61,19,1,0,1,C,0
55,16,1,0,1,C,0
46,16,0,1,1,C,1
61,11,1,0,1,C,0
47,20,1,0,1,C,0
38,12,0,0,1,S,1
51,8,1,0,1,C,0
37,14,1,0,1,O,0
45,21,1,1,1,S,1
48,25,0,0,1,S,0
45,23,1,0,1,S,1
50,22,1,1,1,C,0
30,8,1,0,1,C,0
35,8,1,0,1,C,0
58,8,1,0,1,C,0
45,8,1,0,1,C,0
51,8,1,0,1,C,0
52,8,1,0,1,C,0
49,8,0,1,1,C,1
47,8,1,1,1,C,1
37,8,1,0,1,C,0
42,8,1,0,1,S,0
71,8,1,0,1,C,0
53,8,0,0,1,C,0
56,8,1,1,1,C,0
42,8,1,0,1,C,0
51,23,1,0,1,C,1
66,15,1,1,1,C,1
49,15,0,0,1,C,1
43,13,0,0,1,C,1
47,11,1,1,1,S,1
34,8,0,0,1,C,1
47,8,0,0,1,C,0
29,8,1,0,1,S,1
55,8,0,1,1,C,1
59,8,0,1,1,C,0
42,8,0,0,1,S,1
26,8,0,0,1,S,1
31,8,0,1,1,C,1
34,8,1,0,1,C,0
41,8,1,1,1,C,1
42,8,1,1,1,C,1
49,8,1,1,1,C,1
38,8,0,0,1,C,1
54,8,0,0,1,C,0
39,8,1,1,1,C,1
70,8,1,0,1,C,0
43,8,1,1,1,C,1
59,8,1,1,1,C,0
50,8,0,0,1,C,0
44,8,0,1,1,C,0
52,8,1,0,1,C,0
49,8,1,1,1,C,1
82,8,1,0,1,C,0
32,8,1,0,1,S,1
42,8,1,0,1,C,0
62,8,0,1,1,C,1
66,8,1,0,1,C,0
51,8,0,1,1,O,1
34,8,1,1,1,S,1
63,35,1,0,1,C,1
53,30,1,0,1,C,1
61,29,1,0,1,C,1
74,28,1,0,1,C,1
58,28,0,1,1,S,1
37,28,1,0,1,C,0
58,27,1,0,1,C,0
44,27,1,0,1,C,1
40,26,1,1,1,S,0
70,25,1,0,1,C,1
70,24,1,1,1,C,1
34,24,1,0,1,S,0
46,22,1,0,1,C,0
61,22,1,0,1,C,0
75,22,1,0,1,C,0
71,22,1,0,1,C,0
45,21,0,0,1,C,1
61,21,1,1,1,C,0
48,21,1,1,1,C,0
45,21,1,0,1,C,1
48,21,1,1,1,C,1
46,21,1,0,1,S,1
52,21,1,0,1,C,1
69,21,1,0,1,C,0
46,21,1,0,1,C,0
65,21,1,0,1,C,0
53,21,1,1,1,C,0
79,21,1,0,1,C,0
72,21,1,0,1,C,0
46,21,1,0,1,C,1
50,21,1,0,1,C,0
76,21,1,1,1,C,0
46,21,1,0,1,C,0
45,20,1,0,1,S,0
77,20,0,0,1,C,0
37,20,1,0,1,C,1
47,20,1,0,1,C,0
65,20,1,1,1,C,0
69,20,1,1,1,C,1
44,20,1,0,1,C,0
54,20,1,0,1,C,0
75,20,1,0,1,C,0
47,20,1,0,1,C,1
46,20,0,0,1,C,1
68,19,0,1,1,C,1
40,19,1,0,1,S,1
52,18,1,0,1,C,0
42,18,1,0,1,C,0
32,18,1,1,1,C,0
88,18,1,1,1,C,0
46,18,1,0,1,C,1
47,18,1,0,1,C,1
55,18,1,0,1,O,0
51,17,1,1,1,C,1
46,17,0,1,1,O,0
70,17,1,0,1,C,0
42,17,1,1,1,S,1
56,17,1,0,1,C,0
68,17,1,1,1,C,1
51,17,1,1,1,C,0
66,16,1,0,1,C,0
45,16,1,0,1,C,0
39,16,1,0,1,C,1
35,16,1,0,1,S,1
55,16,1,0,0,C,0
38,16,0,0,1,C,1
44,16,1,1,1,C,1
35,16,0,0,1,C,0
39,16,1,0,1,C,0
46,15,1,0,1,C,0
49,15,0,0,1,C,1
49,15,1,1,1,C,1
65,15,1,1,1,C,0
35,15,1,0,1,C,1
58,15,1,0,1,C,0
39,15,1,0,1,C,1
48,15,1,1,1,C,0
40,15,1,1,1,C,0
75,15,1,1,1,C,0
71,15,1,1,1,C,0
35,15,0,1,1,S,0
38,15,1,1,1,C,0
36,15,0,0,1,C,0
47,14,1,0,1,C,0
46,14,0,0,1,C,0
41,14,1,0,1,C,0
66,14,1,0,1,O,0
61,14,1,1,1,C,0
38,14,1,0,1,S,0
46,14,1,0,1,C,0
33,14,1,0,1,S,0
69,14,1,1,1,C,0
38,14,1,0,1,C,0
40,14,1,0,1,C,0
44,14,1,1,1,C,0
54,14,0,1,1,S,0
57,14,1,0,1,C,0
75,14,1,1,1,C,0
68,14,0,1,1,C,0
44,14,0,0,1,S,0
62,14,1,0,1,C,0
72,13,1,1,1,C,0
76,13,1,0,1,C,0
75,13,1,0,1,C,0
55,13,1,1,1,S,1
54,13,1,1,1,C,1
60,13,1,1,1,S,0
44,13,0,0,1,C,1
58,13,1,0,1,C,0
42,13,0,0,1,C,1
49,13,1,0,1,C,0
37,13,1,0,0,O,0
36,13,1,1,1,S,1
41,13,1,1,1,C,0
56,13,1,0,1,C,1
34,12,0,0,1,O,0
36,12,1,0,1,C,0
50,12,1,0,1,C,1
81,12,1,0,1,C,0
67,12,1,0,1,C,0
33,12,1,0,1,S,0
48,12,1,0,1,S,0
38,12,0,1,1,O,1
48,13,1,0,1,C,0
39,12,1,0,1,C,0
44,12,1,0,1,C,0
34,12,0,1,1,S,0
54,11,1,0,1,C,0
35,11,1,1,1,C,1
58,11,1,1,1,C,1
61,11,1,1,1,C,0
67,11,1,0,1,C,0
38,11,0,0,1,S,1
36,11,1,1,1,C,1
52,11,1,1,1,C,1
55,11,1,0,1,C,0
34,11,1,1,1,C,1
38,11,0,1,1,C,0
67,11,1,0,1,C,0
39,10,0,1,1,C,1
40,10,0,1,1,C,0
37,10,1,0,1,S,1
39,10,1,0,1,C,0
27,10,1,0,1,C,1
55,10,0,1,1,S,0
42,10,1,0,1,C,0
69,10,1,1,1,C,0
57,10,0,1,1,O,1
70,9,1,1,1,C,1
36,9,1,1,1,C,1
53,9,1,1,1,C,0
38,9,1,0,1,C,0
55,9,1,0,1,C,0
35,9,1,0,1,C,0
72,9,1,1,1,C,0
32,9,1,0,1,C,0
45,9,1,1,1,C,0
71,9,1,1,1,C,0
33,9,1,0,1,C,0
34,9,1,1,1,S,1
33,9,1,0,1,S,0
52,9,0,1,1,C,0
46,9,1,1,1,C,1
76,9,1,0,1,C,0
60,9,1,1,1,C,0
77,9,1,1,1,C,0
39,15,0,0,1,C,1
36,8,0,0,1,C,0
32,8,1,0,1,S,1
36,8,1,0,1,S,0
29,8,1,0,1,O,1
56,8,0,0,1,C,0
41,8,1,0,1,C,0
29,12,1,0,1,S,1
42,8,1,0,1,C,0
53,8,1,1,1,C,0
35,8,1,0,1,C,0
52,8,1,0,1,C,0
41,8,1,0,1,C,0
26,8,1,0,1,S,1
49,8,1,1,1,C,1
49,8,1,1,1,C,1
43,8,1,1,1,C,1
40,8,1,0,1,O,0
60,8,1,1,1,C,1
37,8,0,1,1,O,0
34,8,0,0,1,C,1
46,7,0,0,1,C,1
41,7,1,0,1,C,0
29,7,1,0,1,S,1
35,7,0,0,1,C,1
56,7,0,0,1,C,0
34,7,1,0,1,S,0
68,7,1,0,1,C,0
62,7,1,1,1,C,0
31,7,1,0,1,C,0
44,7,1,0,1,C,0
39,7,1,0,1,S,0
46,7,1,1,1,C,1
50,7,1,0,1,C,0
31,7,0,0,1,C,1
47,7,1,0,1,C,0
43,7,1,0,1,C,0
33,34,1,0,1,S,1
50,29,1,0,1,C,1
56,25,1,0,1,C,0
57,22,1,0,1,C,1
47,19,0,0,1,O,0
49,19,1,0,1,C,0
55,19,1,0,1,C,0
65,18,1,0,1,C,0
44,18,1,0,1,C,0
63,18,1,1,1,C,1
40,18,1,0,1,C,1
40,17,1,0,1,C,0
36,17,0,0,1,S,0
40,17,1,0,1,C,1
64,16,1,0,1,C,0
43,16,0,0,1,S,1
40,16,1,0,1,C,0
38,15,1,0,1,C,1
63,15,1,1,1,C,1
37,15,1,0,1,S,1
34,14,1,0,1,C,0
46,14,1,0,1,S,1
51,13,0,0,1,C,0
43,13,1,1,1,S,0
38,13,1,0,1,C,0
74,12,1,0,1,C,0
47,12,1,0,1,C,0
60,11,1,0,1,C,0
37,11,0,0,1,S,1
39,10,0,1,1,S,0
27,9,0,0,1,S,1
71,9,0,1,1,C,0
46,8,1,1,1,S,1
45,9,1,1,1,C,1
28,8,1,0,1,C,0
31,8,1,0,1,O,0
43,8,1,0,1,C,0
41,2,1,1,1,C,0
31,9,0,0,1,C,1
35,7,1,0,1,C,0
40,7,1,1,1,C,1
48,7,1,0,1,C,0
55,7,1,0,1,C,0
30,12,1,0,1,S,1
44,7,1,0,1,C,0
63,7,0,0,1,C,0
35,7,1,0,1,C,0
50,7,1,0,1,C,0
42,7,1,0,1,S,0
39,10,1,0,1,C,0
33,9,1,0,1,C,0
28,9,1,0,1,S,1
31,7,0,1,1,S,0
57,7,1,0,1,C,0
30,7,1,0,1,S,0
58,7,1,1,1,C,0
40,7,1,0,1,C,0
31,7,1,1,1,C,1
47,7,0,1,1,C,1
41,7,1,0,1,C,0
40,7,1,1,1,C,1
43,7,1,0,1,C,0
45,7,1,0,1,C,0
50,7,0,0,1,C,0
43,7,0,0,1,C,1
29,2,0,1,1,S,1
36,7,0,1,0,S,0
38,7,0,0,1,C,1
42,9,1,1,1,S,0
40,7,0,0,1,S,0
55,7,1,1,1,C,0
44,7,1,0,1,C,0
61,7,1,1,1,C,0
52,7,1,0,1,C,0
58,7,0,1,1,S,1
58,7,1,1,1,C,0
50,7,1,0,1,C,0
58,7,1,0,1,C,0
45,15,1,0,1,C,0
36,10,1,0,1,C,0
71,9,1,1,1,C,0
66,7,1,1,1,C,0
56,12,1,1,1,C,0
51,7,1,0,1,C,0
44,7,1,1,1,C,1
53,7,1,1,1,C,0
34,7,1,0,0,S,0
44,7,1,1,1,C,0
47,7,1,0,1,C,0
28,7,1,1,0,S,0
26,7,0,0,1,S,0
54,7,1,0,1,C,0
37,7,1,1,1,C,0
49,7,1,0,1,C,0
32,7,1,0,1,C,0
29,7,1,0,1,S,0
41,7,1,0,1,S,0
27,7,1,0,1,C,0
49,7,0,1,1,C,0
68,7,1,0,1,C,0
46,7,0,0,1,C,0
45,7,1,0,1,S,0
68,7,1,1,1,C,0
79,20,1,0,1,C,0
40,7,0,1,1,C,1
68,7,0,0,1,C,0
44,7,0,1,1,C,1
34,7,0,0,1,C,0
49,7,0,0,1,C,0
62,7,1,0,1,C,0
34,7,1,0,1,C,0
41,7,1,0,1,C,0
31,7,1,1,1,S,1
33,7,1,0,1,C,0
50,7,1,0,1,O,0
53,7,1,0,1,C,0
51,7,1,1,1,C,0
71,7,1,0,1,C,0
54,7,1,0,1,C,0
31,7,0,0,1,S,1
31,7,0,1,1,C,0
36,7,1,1,1,C,0
47,7,0,1,1,C,1
49,7,1,0,1,C,0
53,15,0,1,1,C,1
54,11,1,1,1,C,0
45,9,0,0,1,C,1
48,9,1,1,1,C,0
36,7,0,1,1,S,0
32,7,1,0,1,C,0
43,7,1,1,1,C,1
68,7,1,0,1,C,1
54,7,1,0,1,C,0
56,7,1,0,1,C,0
43,7,0,1,1,O,0
30,7,1,0,1,S,1
41,7,1,0,1,C,0
28,7,0,0,1,S,0
32,7,0,0,1,C,1
58,7,0,0,1,O,0
51,7,1,0,1,C,0
36,7,1,0,1,C,1
60,7,0,1,1,C,0
48,7,1,1,1,C,1
35,7,1,0,1,C,0
45,7,0,1,1,C,1
61,7,1,1,1,C,1
41,7,1,0,1,C,0
76,7,1,0,1,C,0
48,7,0,0,1,C,0
28,7,0,0,1,S,1
56,7,0,0,1,C,0
48,7,1,1,1,O,1
51,7,1,0,1,C,0
62,7,1,0,1,C,0
52,7,0,0,1,C,0
33,7,0,0,1,S,1
48,7,0,1,1,C,1
57,7,1,1,1,C,0
39,7,1,1,1,C,1
45,27,0,1,1,C,0
44,14,0,1,1,C,0
45,7,1,1,1,C,1
64,7,0,1,1,C,1
46,7,1,0,1,C,0
23,7,1,0,1,S,1
48,7,0,0,1,C,0
39,7,1,1,1,C,0
54,7,0,1,1,C,1
36,7,1,0,1,S,0
74,22,1,1,1,C,0
37,7,0,1,1,S,0
21,7,1,1,1,S,1
43,7,1,1,1,S,1
54,7,1,1,1,C,0
60,7,1,0,1,C,0
41,2,1,0,1,C,0
27,7,0,0,1,S,1
38,7,1,1,1,C,0
23,7,0,0,1,S,1
33,7,0,0,1,S,0
47,7,1,0,1,C,0
38,20,0,0,1,C,0
73,17,0,0,1,O,1
58,10,0,0,1,C,0
55,7,1,0,1,C,0
53,7,1,0,1,C,0
31,7,1,1,1,S,1
49,7,1,1,1,C,0
51,16,0,0,1,C,0
45,7,0,0,1,C,0
52,7,1,0,1,C,0
44,7,0,1,1,C,0
56,7,1,0,1,C,0
48,7,1,0,1,C,0
27,7,1,0,1,S,1
33,7,1,0,1,C,0
55,7,0,0,1,S,0
37,7,1,1,1,S,1
60,7,1,0,1,C,0
37,15,0,0,1,C,0
41,7,0,0,1,C,1
33,2,0,1,1,C,0
45,7,1,0,1,C,0
47,7,0,0,1,C,0
30,7,0,0,1,S,1
31,7,1,1,1,S,0
35,7,1,1,1,S,1
50,7,1,0,1,C,0
40,7,1,1,1,S,0
46,7,0,0,1,C,1
28,7,0,1,1,S,1
31,7,1,1,1,S,0
52,7,1,0,1,C,1
70,7,1,0,1,O,0
43,7,1,0,1,C,0
68,7,1,0,1,C,0
68,7,1,1,1,C,0
31,13,1,0,1,C,0
44,13,1,0,1,S,0
39,7,0,0,1,C,1
61,7,1,0,1,C,0
62,7,1,0,1,C,0
33,7,0,0,1,O,1
67,7,1,0,1,C,0
43,7,1,0,1,C,0
52,7,1,1,1,C,0
53,7,1,0,1,C,0
56,7,0,1,1,C,1
66,7,1,0,1,C,0
33,7,0,1,1,C,0
39,7,0,0,1,C,0
40,7,1,0,1,C,0
65,7,1,0,1,C,0
27,7,1,0,1,S,1
30,22,0,0,1,C,1
40,17,0,0,1,O,1
31,15,1,0,1,S,1
50,13,1,0,1,C,0
34,15,1,1,1,C,1
40,7,1,0,1,C,0
58,7,1,0,1,C,0
39,7,0,1,1,C,1
44,7,1,0,1,C,0
51,7,1,0,1,C,0
33,7,1,0,1,O,0
33,7,1,0,1,C,0
44,7,1,1,1,S,0
35,7,1,0,1,S,0
41,7,1,0,1,C,0
65,7,1,0,1,C,0
46,13,0,0,1,C,0
45,7,1,0,1,C,0
48,7,0,0,1,C,0
61,7,1,0,1,C,0
38,7,0,1,1,S,0
34,7,1,0,1,C,0
57,7,1,0,1,C,0
37,7,1,1,1,C,0
42,7,1,0,1,S,0
46,7,0,0,1,C,0
30,7,0,1,1,S,1
67,7,1,0,1,C,0
62,7,1,0,1,C,0
41,7,1,0,1,C,0
33,7,0,0,1,S,0
38,7,0,0,1,C,0
51,7,1,1,1,C,0
62,7,1,0,1,C,0
47,7,1,0,1,C,0
45,7,0,0,1,C,0
50,7,1,0,1,C,1
42,7,1,0,1,C,0
52,7,1,0,1,C,0
33,7,1,1,1,S,0
48,7,0,0,1,C,0
76,7,1,1,1,C,0
36,7,0,0,1,C,1
31,7,1,1,1,C,1
55,7,1,0,1,C,0
47,8,1,0,1,C,0
65,7,1,0,1,C,0
27,7,0,1,1,C,1
35,7,0,0,1,S,0
59,7,1,0,1,C,0
30,7,1,0,1,C,0
38,7,1,0,1,S,0
57,26,1,1,1,C,1
45,16,1,0,1,C,0
38,16,1,1,1,S,1
45,14,1,1,1,C,0
50,12,0,0,1,C,1
54,11,1,1,1,C,0
71,11,1,1,1,C,0
49,11,1,0,1,C,0
54,11,1,1,1,C,1
44,11,0,1,1,C,1
48,10,1,0,1,C,0
46,9,1,1,1,C,1
45,9,1,1,0,O,0
37,9,0,0,1,O,0
31,9,1,0,1,C,0
42,9,1,0,1,C,0
44,7,1,0,1,O,0
36,7,1,0,1,C,0
53,7,1,0,1,C,0
35,7,0,1,0,C,1
40,11,1,0,1,O,1
59,7,1,0,1,C,0
37,7,1,0,1,C,0
42,7,1,0,1,C,0
52,6,1,0,1,C,0
38,6,1,1,1,C,0
46,6,1,1,1,C,1
42,6,0,1,1,C,1
46,6,0,0,1,C,0
47,6,1,0,1,C,0
36,6,1,0,1,C,0
37,6,1,0,1,C,0
66,6,1,0,1,C,0
64,6,1,0,1,C,0
41,6,1,0,1,C,0
30,8,1,1,1,S,1
46,6,1,0,1,C,0
54,6,0,1,1,C,1
71,14,1,0,1,C,0
29,6,1,0,1,C,0
49,6,0,0,1,C,1
58,6,1,1,1,C,1
30,6,1,0,1,C,0
36,8,1,0,1,C,0
49,6,0,1,1,C,1
47,6,1,0,1,C,0
38,6,1,0,1,C,0
36,6,1,0,1,C,0
56,6,1,0,1,C,0
45,6,1,0,1,C,0
37,19,1,0,1,S,0
63,18,0,1,1,O,1
30,17,1,1,1,S,1
31,15,1,1,1,S,0
36,14,1,0,1,S,0
72,12,1,0,1,C,0
65,9,1,1,1,C,0
32,7,0,0,1,C,0
59,6,1,1,1,C,0
31,6,1,0,1,S,0
61,6,1,1,1,C,0
56,6,1,0,1,C,0
28,6,0,0,1,O,1
31,6,1,0,1,S,0
26,6,1,1,1,S,1
47,6,1,0,1,C,0
37,6,0,0,1,C,1
66,6,1,0,1,C,0
50,6,1,0,1,C,0
26,7,1,1,1,C,0
27,6,0,1,1,S,1
53,6,0,0,1,C,0
59,6,1,1,1,C,0
60,6,1,0,1,C,0
26,6,1,1,1,S,1
36,9,1,1,1,C,1
29,8,1,0,1,S,1
44,6,0,1,1,C,0
37,6,0,0,1,C,1
52,6,1,0,1,C,0
60,6,0,0,1,C,0
55,6,1,1,1,C,0
36,6,0,0,1,C,1
36,6,0,0,1,S,0
58,6,1,1,1,C,1
31,6,0,0,1,C,0
30,6,0,0,1,S,1
39,6,1,1,1,C,0
33,11,0,0,1,C,1
24,7,0,1,1,S,1
46,6,1,0,1,C,0
68,6,1,0,1,C,0
31,13,1,0,1,O,0
49,6,1,0,1,C,0
40,6,1,1,1,C,1
73,6,1,0,0,O,0
57,6,0,0,1,C,0
42,6,1,0,1,O,0
58,6,1,0,1,C,0
48,6,0,1,1,C,0
43,6,0,0,1,C,0
61,6,0,1,1,O,0
35,6,1,0,1,S,0
52,6,0,0,1,O,0
39,6,1,0,1,C,0
45,6,1,0,1,C,0
48,17,0,0,1,C,1
34,15,0,1,1,C,0
43,6,0,0,1,C,0
51,6,0,0,1,C,0
48,6,0,1,1,C,1
73,6,1,0,1,C,0
48,6,1,1,1,C,0
48,6,1,1,1,S,1
21,6,0,0,1,S,0
32,6,1,0,1,S,0
49,6,1,0,1,C,0
48,6,1,1,1,C,0
34,6,1,0,1,C,0
30,6,1,0,1,S,0
20,6,1,0,1,S,1
50,6,1,0,1,C,0
71,6,1,0,1,C,0
40,6,0,1,1,C,1
54,6,1,0,1,C,0
55,6,0,1,1,O,1
48,6,0,0,1,C,0
50,6,1,0,1,C,0
58,6,1,0,1,C,0
49,6,1,0,1,C,0
32,6,0,0,1,C,1
46,6,0,1,1,S,1
31,6,0,1,1,S,1
29,6,1,0,1,S,0
58,6,0,0,1,C,0
72,6,1,0,1,C,0
31,6,0,0,1,C,1
38,6,0,0,1,C,0
45,21,1,0,1,C,1
29,10,0,0,1,C,1
53,10,0,1,1,C,0
47,7,0,0,1,C,0
33,6,0,1,1,C,1
38,6,1,0,1,C,0
57,6,1,0,1,C,0
31,6,1,1,1,S,0
57,6,1,0,1,C,0
49,6,1,0,1,C,0
33,6,0,1,1,C,1
52,6,1,1,1,C,0
71,6,1,0,1,C,0
61,6,1,1,1,C,0
29,6,1,1,1,S,1
43,6,1,1,1,C,0
54,6,1,1,1,C,0
58,6,1,1,1,C,0
56,6,1,1,1,C,0
26,6,0,1,1,S,1
36,6,1,1,1,C,1
24,6,1,1,1,S,0
60,6,1,0,1,C,1
40,6,1,0,1,C,0
36,6,1,0,1,C,0
40,6,1,1,1,C,0
40,6,1,1,1,S,1
47,6,1,0,1,C,0
37,6,0,1,1,C,1
63,6,1,0,1,C,0
40,6,0,0,1,S,0
54,6,1,1,1,C,1
35,6,1,0,1,C,0
58,6,1,0,1,C,0
26,12,1,0,1,S,1
48,6,0,1,1,C,1
30,6,1,1,1,C,0
45,6,0,0,1,C,0
56,6,0,0,1,C,0
34,6,1,1,1,S,0
35,6,1,0,1,S,0
44,6,0,0,1,C,0
32,6,0,1,1,S,0
25,6,1,0,1,S,1
35,6,0,1,1,S,1
36,6,1,1,1,C,1
83,6,1,1,1,C,0
61,6,0,0,1,C,0
28,6,0,0,1,S,1
36,6,1,0,1,C,1
29,6,0,1,1,S,1
36,6,0,0,1,S,1
33,6,1,0,1,S,0
83,19,1,0,1,C,0
36,17,1,0,1,S,1
74,15,1,1,1,C,0
34,12,1,1,1,C,0
45,6,1,1,1,C,1
37,6,1,1,1,C,0
54,6,1,0,1,C,0
80,6,1,1,1,C,0
42,6,1,0,1,C,0
45,6,0,0,1,C,0
35,6,1,1,1,C,1
29,6,0,0,1,S,1
39,6,1,0,1,C,0
30,6,0,1,1,C,1
42,6,1,0,1,C,1
58,6,1,0,1,C,0
52,6,1,0,1,C,0
33,6,1,1,1,C,0
65,6,0,1,1,O,1
37,9,0,1,1,S,0
35,6,1,0,1,C,0
60,6,0,0,1,C,0
46,6,1,0,1,C,0
29,6,0,0,1,S,0
52,6,0,1,1,C,1
47,6,1,0,1,C,0
42,6,1,1,1,C,1
57,6,1,0,1,C,1
59,6,1,1,1,S,0
39,6,0,1,1,C,1
45,6,0,1,1,C,0
32,6,1,0,1,C,0
38,6,0,0,1,C,0
42,6,1,0,1,C,0
31,6,1,0,1,S,0
56,6,0,0,1,C,0
67,6,0,0,1,S,0
29,6,0,1,1,S,0
26,6,1,0,1,S,1
37,6,1,1,1,C,0
53,6,1,1,1,S,0
71,6,1,0,1,C,0
59,12,0,0,1,C,0
41,6,1,0,1,C,0
66,6,1,0,1,C,0
46,6,1,1,1,C,0
47,6,1,0,1,S,0
26,6,0,0,1,S,1
29,6,1,1,1,S,1
28,6,0,0,1,C,1
60,6,0,0,1,C,0
50,6,1,0,1,C,0
61,6,1,0,1,C,0
69,6,1,0,1,C,0
40,6,1,0,1,S,0
52,6,0,0,1,C,0
27,6,1,0,1,S,0
51,6,1,0,1,C,0
46,6,1,1,1,C,0
18,6,0,0,1,S,1
34,6,0,1,1,S,1
44,8,0,0,1,S,0
40,6,1,0,1,C,0
45,6,1,0,1,C,0
56,6,1,0,1,C,0
34,6,1,0,1,C,0
37,6,0,0,1,C,0
33,6,1,0,1,C,0
38,6,1,1,1,S,1
36,6,1,0,1,C,0
54,16,1,0,1,C,1
31,14,1,0,1,S,1
31,7,1,0,1,C,1
26,6,0,0,1,C,1
61,6,1,0,1,C,1
29,5,1,0,1,C,0
42,5,1,0,1,C,1
28,5,1,1,1,S,1
34,5,1,0,1,C,0
36,5,1,1,1,C,0
58,5,1,0,1,C,0
69,5,1,0,1,C,0
31,5,0,0,1,C,1
55,5,1,1,1,C,0
35,5,1,1,1,S,1
42,5,1,0,1,C,0
55,5,1,0,1,C,0
29,5,0,1,1,S,1
29,5,1,1,1,S,1
64,15,1,1,1,C,1
40,5,1,1,1,C,1
28,5,1,0,1,S,0
27,5,1,0,1,S,0
36,14,1,0,1,C,0
31,5,1,0,1,S,0
58,5,0,0,1,C,0
39,5,0,1,1,S,1
56,5,1,0,1,C,0
27,5,0,0,1,S,1
51,5,1,0,1,C,0
57,5,1,0,1,C,0
37,5,0,1,1,C,1
44,5,0,0,1,C,0
52,5,0,0,1,C,0
38,5,0,0,1,C,0
47,15,1,0,1,C,0
27,5,1,0,1,S,1
25,5,0,0,1,C,1
28,5,0,1,1,C,0
28,5,1,0,1,S,0
38,13,0,1,1,S,1
61,13,1,1,1,C,0
50,9,1,1,1,C,0
41,9,1,0,1,C,0
48,5,1,1,1,C,0
36,5,0,1,1,C,1
60,5,0,0,1,C,0
37,5,0,0,1,S,1
63,5,1,0,1,C,0
55,5,1,0,1,C,0
43,5,1,0,1,C,0
40,5,1,1,1,C,0
40,5,1,1,1,C,1
49,5,1,1,1,C,0
39,5,1,0,1,C,0
56,5,0,1,1,C,1
43,16,1,1,1,S,1
29,16,1,0,1,C,1
33,14,0,0,1,C,0
36,5,0,0,1,C,1
38,5,1,0,1,C,0
26,5,0,1,1,S,1
31,5,1,1,1,S,1
31,5,0,1,1,C,1
30,5,1,0,1,S,0
40,5,0,0,1,C,0
38,5,0,1,1,C,1
47,5,1,1,1,C,0
40,5,1,1,1,C,1
29,5,0,0,1,C,1
59,5,1,1,1,C,0
27,5,1,0,1,S,0
37,5,0,0,1,C,0
44,5,1,1,1,C,0
27,5,0,0,1,C,1
31,5,0,0,1,C,1
30,5,0,0,1,S,0
58,5,1,1,1,C,0
30,21,1,0,1,S,1
30,6,1,0,1,S,0
40,6,0,0,1,C,0
26,5,0,0,1,C,0
42,5,1,1,1,S,0
54,5,1,1,1,C,0
30,5,1,0,1,S,1
36,5,0,1,1,C,0
72,5,1,1,1,C,0
82,5,1,0,1,C,0
28,5,0,0,1,S,1
42,5,1,1,1,C,1
68,5,0,0,1,C,0
33,5,1,0,1,O,0
40,5,1,0,1,C,1
61,5,1,0,1,C,0
69,5,1,0,1,C,0
57,23,1,0,1,C,1
51,15,0,1,1,C,1
40,6,1,1,1,C,1
37,6,1,0,1,C,0
60,5,1,1,1,C,0
63,5,0,0,1,C,0
44,5,0,0,1,O,1
28,5,1,1,1,S,1
39,5,1,1,1,C,0
23,5,1,0,1,S,1
61,5,1,1,1,C,0
45,5,1,0,1,C,0
37,5,1,0,1,C,0
39,7,1,0,1,C,0
25,5,0,1,1,S,1
23,5,1,1,1,S,0
58,5,1,0,1,S,0
35,5,1,1,1,S,1
43,5,0,1,1,C,1
26,5,0,1,1,S,1
28,5,0,0,1,S,1
46,5,1,0,1,C,0
58,5,1,1,1,C,0
80,28,1,0,1,C,0
65,9,1,1,1,C,0
33,9,1,1,1,S,0
38,15,0,0,1,C,1
43,5,0,1,1,C,1
58,5,1,0,1,C,0
63,5,1,0,1,C,0
31,5,1,0,1,C,0
25,5,1,1,1,S,1
53,5,0,1,1,C,0
53,5,1,0,1,C,1
40,5,1,0,1,C,0
31,5,1,0,1,S,0
42,5,0,1,1,S,1
26,5,1,1,1,S,0
28,5,1,1,1,C,1
28,5,0,1,1,S,1
70,5,1,1,1,C,0
42,5,1,0,1,C,0
61,5,1,0,1,S,0
39,5,1,1,1,C,1
56,5,1,0,1,C,1
51,5,1,1,1,C,0
50,5,1,1,1,C,0
68,5,1,0,1,C,1
27,5,1,1,1,S,1
68,5,1,0,1,C,0
29,5,1,1,1,O,0
38,5,1,0,1,C,0
45,30,0,0,1,C,0
39,14,1,0,1,C,0
46,14,0,0,1,O,0
51,5,0,0,1,C,0
26,5,1,1,1,S,1
61,5,1,0,1,C,0
44,5,0,1,1,O,1
41,5,1,1,1,C,1
41,5,1,0,1,C,0
48,5,1,0,1,C,0
35,5,1,0,1,C,0
54,5,1,1,1,C,0
28,5,1,0,1,S,0
37,21,1,0,1,C,1
40,8,0,0,1,C,0
38,6,0,0,1,C,0
34,6,1,1,1,C,0
47,5,1,1,1,C,0
35,5,1,0,1,S,0
36,10,1,1,1,C,1
68,5,1,0,1,C,0
55,5,1,0,1,C,0
55,5,0,1,1,C,1
32,5,1,0,1,C,0
31,5,1,0,1,S,0
21,5,1,0,1,S,1
23,5,1,0,1,S,1
56,5,0,0,1,C,0
46,5,0,1,1,S,0
75,20,1,0,1,C,0
44,20,1,0,1,C,1
58,5,1,0,1,C,0
57,7,0,0,1,C,0
36,5,0,0,1,C,1
46,5,0,0,1,C,0
45,5,1,0,1,C,0
35,5,1,0,1,S,0
29,5,1,0,1,S,1
27,5,0,1,1,S,0
56,5,0,1,1,S,1
43,5,1,1,1,C,1
60,5,1,1,1,C,0
44,5,1,0,1,C,0
25,5,0,0,1,C,1
37,5,1,0,1,C,0
46,5,0,0,1,C,0
55,5,1,1,1,C,0
28,5,1,1,1,S,0
45,5,0,1,1,C,0
54,5,1,1,1,C,0
43,5,1,0,1,C,0
28,5,0,1,1,S,1
53,5,1,0,1,C,0
27,5,0,0,1,S,0
37,5,1,1,1,C,1
69,5,1,0,1,C,0
34,5,0,0,1,S,0
46,5,1,1,1,C,0
40,6,1,1,1,C,0
73,5,0,1,1,O,1
53,5,0,1,1,O,1
50,5,0,1,1,C,0
56,5,1,0,1,C,0
50,5,1,0,1,C,0
57,5,0,1,1,S,1
30,5,0,1,1,S,0
58,5,0,1,1,O,0
46,5,1,1,1,C,0
70,5,1,0,1,C,0
33,5,1,0,1,C,0
27,5,1,0,1,S,0
27,5,1,1,1,O,1
43,5,0,0,1,S,1
46,5,0,0,1,C,0
47,5,0,1,1,C,1
60,5,1,0,1,C,0
65,5,1,0,1,C,0
34,5,1,0,1,C,0
29,5,0,0,1,C,1
26,5,1,1,1,S,0
28,5,1,0,1,S,0
23,5,1,0,1,S,0
48,5,1,1,1,S,1
41,5,1,0,1,C,0
27,5,1,0,1,S,0
49,5,1,0,1,C,0
54,5,1,0,1,C,0
41,5,0,0,1,S,0
24,5,1,1,1,S,1
28,5,0,0,1,S,0
30,6,1,0,1,S,0
30,5,1,0,1,C,0
25,5,0,0,1,S,1
43,5,0,0,1,C,1
27,4,0,0,1,S,0
33,4,0,0,1,S,0
29,4,0,0,1,S,1
28,4,0,0,1,C,1
45,4,0,0,1,C,0
41,4,0,0,1,C,0
54,4,1,0,1,C,0
27,4,1,0,1,S,0
32,4,0,0,1,C,0
34,4,0,0,1,C,0
49,4,0,0,1,C,1
30,4,1,0,1,S,0
47,4,1,0,1,C,0
60,4,0,1,1,C,1
29,4,1,0,1,S,0
41,27,0,0,1,C,0
61,23,1,1,1,C,1
35,22,0,0,1,S,1
38,12,0,0,1,C,0
43,12,1,0,1,C,0
42,8,0,0,1,O,1
35,5,1,1,1,C,1
34,4,0,1,1,C,1
23,4,1,0,1,S,0
51,4,0,0,1,C,0
37,4,1,0,1,C,0
39,4,0,1,1,O,0
50,4,0,0,1,C,0
34,4,1,0,1,C,0
45,4,0,1,1,C,1
47,4,0,0,1,C,0
35,4,1,0,1,C,1
29,4,0,1,1,C,0
36,4,0,0,1,C,0
27,4,0,1,1,S,0
42,4,1,0,1,C,0
46,4,1,0,1,C,0
53,4,1,0,1,C,0
34,4,1,1,1,S,1
32,4,1,1,1,S,0
30,11,1,0,1,S,1
31,7,0,0,1,S,1
23,6,0,0,1,C,1
62,5,1,0,1,C,0
32,4,0,1,1,S,0
38,4,1,0,1,C,0
46,4,1,1,1,C,0
69,4,1,0,1,C,0
34,4,0,0,1,S,0
26,4,0,1,1,S,1
25,4,0,1,1,S,0
54,4,1,0,1,C,0
61,4,1,0,1,C,0
53,4,1,1,1,C,0
31,4,1,0,1,S,0
27,4,0,0,1,S,1
50,4,1,1,1,C,0
34,4,1,0,1,S,0
44,4,1,0,1,C,0
55,4,1,0,1,C,0
50,4,1,0,1,C,0
31,4,1,1,1,S,0
58,4,1,0,1,O,0
26,4,0,0,1,C,0
43,4,1,1,1,C,0
44,21,0,0,1,C,1
30,4,1,0,1,C,0
34,4,1,0,1,C,0
70,4,1,0,1,C,0
32,4,1,1,1,S,0
35,4,1,1,1,S,0
47,4,1,0,1,O,0
29,4,0,1,1,S,0
35,4,1,1,1,S,1
33,4,1,1,1,S,0
27,4,0,0,1,S,0
51,4,1,1,1,C,0
42,4,1,0,1,C,0
39,4,1,0,1,S,0
26,10,1,0,1,S,1
38,4,1,1,1,C,1
27,4,1,0,1,S,0
37,4,1,1,1,S,1
48,4,0,0,1,C,0
38,4,1,1,1,C,0
56,4,1,0,1,C,0
24,4,0,0,1,S,1
34,4,1,0,1,C,0
39,17,1,0,1,S,1
38,8,0,0,1,C,1
59,4,0,1,1,C,0
31,4,0,0,1,S,1
35,4,1,1,1,C,1
30,4,0,1,1,C,0
38,4,1,0,1,C,0
24,4,0,0,1,S,1
31,4,0,1,1,C,1
29,4,1,0,1,C,0
39,4,1,0,1,S,0
37,4,0,0,1,C,0
68,4,1,1,1,C,0
58,4,1,0,1,C,0
64,4,0,0,1,C,0
28,4,1,0,1,C,0
35,4,0,1,1,C,1
28,4,1,0,1,C,0
65,4,1,0,1,C,0
22,4,1,0,1,S,1
48,4,1,0,1,C,0
43,4,1,0,1,C,0
58,4,1,0,1,C,0
32,4,0,0,1,S,0
27,4,0,0,1,C,1
54,4,1,1,1,C,0
37,4,0,1,1,C,1
58,16,1,0,1,C,0
29,12,0,0,1,S,1
34,5,1,1,1,O,0
68,4,1,1,1,C,0
50,4,1,1,1,C,0
29,4,0,1,1,S,0
39,9,0,0,1,C,1
33,4,1,0,1,S,0
20,4,1,0,1,S,1
48,4,0,0,1,C,0
29,4,1,1,1,C,0
35,4,1,0,1,C,0
46,4,0,1,1,C,1
44,4,1,1,1,C,0
47,4,0,0,1,C,0
48,4,1,1,1,C,0
70,4,1,0,1,C,0
47,4,1,0,1,C,0
53,4,1,1,1,C,0
58,4,1,0,1,C,1
52,4,1,1,1,C,0
37,4,0,1,1,S,1
39,4,1,0,1,C,0
53,4,1,1,1,O,0
30,4,1,0,1,C,0
33,4,1,0,1,C,0
53,4,1,1,1,C,0
24,4,1,0,1,S,0
27,4,0,1,1,S,0
45,4,1,0,1,C,0
51,17,1,1,1,C,0
35,4,1,1,1,C,1
53,4,0,0,1,C,0
39,4,1,0,1,O,0
62,4,1,0,1,C,0
48,4,0,1,1,S,0
34,4,1,0,1,S,0
47,4,1,0,1,C,0
36,4,1,1,1,C,1
38,4,1,0,1,C,0
50,4,0,1,1,O,1
30,4,1,1,1,C,1
30,4,1,0,1,C,0
30,4,1,0,1,S,0
31,4,0,1,1,S,1
34,4,0,1,1,C,1
53,4,0,1,1,O,0
41,4,1,0,1,C,0
38,4,1,1,1,C,0
35,4,1,0,1,C,0
50,4,1,0,1,C,0
57,4,1,0,1,C,0
49,4,0,0,1,C,0
24,4,1,0,1,S,0
40,20,1,0,1,S,0
18,6,1,1,1,S,0
63,4,0,1,1,C,0
29,4,0,1,1,C,0
35,4,1,0,1,C,1
30,4,0,0,1,C,0
34,4,1,1,1,C,1
47,4,1,0,1,C,0
30,4,0,1,1,C,1
48,4,1,0,1,C,0
34,4,1,1,1,C,1
56,4,0,0,1,O,0
26,4,1,0,1,C,0
63,4,1,1,1,C,0
41,4,0,1,1,C,1
49,4,0,1,1,C,0
60,4,1,0,1,C,0
43,4,1,1,1,C,0
41,4,1,0,1,C,0
62,4,0,0,1,C,0
62,20,1,1,1,C,0
27,8,1,0,1,S,1
39,8,1,0,1,C,0
36,4,0,1,1,C,1
38,4,1,1,1,C,0
37,4,0,0,1,C,0
66,4,1,1,1,C,0
60,4,1,1,1,C,0
46,4,0,0,1,C,0
74,4,1,0,1,C,0
43,4,0,0,1,C,0
23,4,1,0,1,C,1
34,8,1,1,1,C,1
50,4,1,0,1,C,0
63,4,1,1,1,C,0
65,4,1,0,1,C,0
24,4,1,1,1,S,0
67,9,0,1,1,C,1
22,4,1,1,1,C,1
52,4,0,1,1,C,1
39,4,1,0,1,C,0
55,4,1,0,1,C,0
22,7,1,0,1,S,1
35,4,1,0,1,O,0
59,4,0,0,1,C,0
70,20,1,0,1,C,0
62,18,0,1,1,C,0
31,18,1,0,1,S,0
33,7,1,0,1,C,0
28,4,1,0,1,S,0
38,4,1,0,1,C,0
69,4,1,0,1,C,0
50,4,0,0,1,C,0
52,4,0,1,1,C,1
26,4,0,0,1,C,1
31,4,1,1,0,C,0
22,4,1,0,1,S,0
43,4,0,0,1,C,0
32,4,0,1,1,C,1
45,4,0,1,1,C,1
40,4,1,0,1,C,0
53,4,1,1,1,S,0
42,4,1,0,1,C,0
27,4,1,0,1,C,0
43,4,1,0,1,C,0
41,4,0,0,1,C,0
47,4,0,1,1,C,1
36,4,1,1,0,C,1
30,7,1,1,1,S,1
44,4,1,0,1,C,0
71,19,0,0,1,O,1
67,19,1,0,1,C,0
41,5,0,0,1,C,0
23,4,1,0,1,S,0
22,4,1,1,1,S,1
44,4,1,0,1,C,0
30,4,0,0,1,S,0
29,4,1,0,1,S,0
30,4,0,0,1,C,1
29,4,1,0,1,C,1
67,4,0,1,1,C,0
29,4,1,0,1,S,0
40,4,0,0,1,C,0
38,4,1,0,1,C,0
47,4,1,0,1,C,0
50,4,0,1,1,C,1
38,4,0,1,1,C,0
22,4,1,0,1,C,0
56,4,0,0,1,C,0
18,4,1,0,1,S,0
27,4,1,0,1,S,0
41,4,1,0,1,C,0
40,4,0,0,1,C,0
80,4,1,0,1,C,0
46,4,1,0,1,C,0
27,4,1,0,1,S,0
29,4,1,0,1,O,0
68,4,0,1,1,C,0
58,4,1,1,1,C,0
24,4,1,0,1,C,0
51,4,1,0,1,C,0
29,4,1,0,1,C,0
31,4,1,1,1,S,0
43,4,0,0,1,C,0
30,4,1,1,1,S,1
54,4,1,1,1,C,0
49,4,1,1,1,C,0
33,4,0,1,1,C,0
56,4,1,1,1,C,0
56,3,1,1,1,C,0
65,19,1,0,1,C,0
34,9,0,0,1,C,0
28,8,1,0,1,S,0
78,8,1,0,1,C,0
37,5,1,1,1,C,0
36,5,1,1,1,C,1
47,4,1,1,1,C,0
24,4,1,0,0,S,0
26,3,0,0,1,C,1
38,3,0,1,1,C,0
24,3,1,0,1,S,1
40,3,1,0,1,S,0
34,3,1,0,1,S,1
30,3,1,1,1,S,0
22,3,1,0,1,S,0
31,3,1,1,1,C,1
26,3,0,0,1,O,0
35,3,0,0,1,O,1
26,3,0,0,1,C,1
47,3,1,0,1,C,0
71,3,1,0,1,C,0
34,3,1,1,1,C,1
31,3,1,0,1,C,0
50,3,1,0,1,C,0
27,3,1,0,0,C,0
19,3,1,1,1,S,1
49,3,0,0,1,C,0
39,3,1,0,1,C,0
43,3,1,0,1,C,0
27,3,0,0,1,C,0
48,3,0,1,1,S,0
27,27,1,0,1,S,1
40,14,1,1,1,S,0
36,4,0,0,1,S,1
33,3,0,0,1,C,0
34,3,1,1,1,C,1
40,3,0,0,1,O,0
23,3,1,1,1,S,0
22,3,1,0,1,S,0
33,3,1,0,1,C,0
29,3,0,1,1,S,1
44,3,0,0,1,O,0
53,3,0,0,1,C,0
30,3,0,1,1,C,1
42,3,1,0,1,C,0
46,3,1,0,1,C,0
74,3,1,0,1,C,0
24,3,1,0,1,C,0
54,3,1,0,1,S,0
27,3,1,1,1,S,1
35,3,1,0,1,C,0
70,3,1,0,1,C,0
29,22,0,1,1,O,1
35,13,0,0,1,C,0
47,9,0,1,1,S,0
60,8,1,0,1,C,1
34,7,0,0,1,C,1
60,3,1,0,1,C,0
70,3,1,0,1,C,0
45,3,1,0,1,C,0
36,3,1,0,1,C,0
41,3,1,0,1,S,0
67,3,1,0,1,C,0
30,3,1,1,1,C,1
74,3,1,0,1,C,0
60,3,0,0,1,C,0
61,3,1,0,1,C,0
60,3,1,1,1,C,0
57,3,1,0,1,O,0
26,3,0,1,1,S,1
26,3,1,0,1,S,0
26,3,1,1,1,C,0
28,3,0,0,1,S,0
34,3,1,0,1,C,0
33,3,1,1,1,S,0
29,3,0,0,1,S,1
52,3,1,1,1,C,0
33,3,1,0,1,C,1
21,3,1,0,1,S,0
26,3,1,1,1,S,0
26,3,1,0,1,S,0
54,12,0,1,1,O,1
34,3,0,0,1,C,0
33,3,1,1,1,C,1
53,3,1,1,1,C,0
53,3,1,0,1,C,0
25,3,0,0,1,S,1
43,3,1,0,1,C,0
48,3,1,0,1,C,0
52,3,1,0,1,C,0
41,3,0,0,1,C,0
51,3,1,0,1,C,0
58,3,1,1,1,C,0
27,3,1,1,1,S,1
43,3,0,0,1,C,0
46,3,1,1,1,C,0
37,3,1,0,1,C,0
53,3,0,0,1,C,0
46,3,1,0,1,C,0
44,3,1,0,1,C,0
51,3,0,0,1,O,1
76,26,1,0,1,C,0
56,25,1,0,1,C,1
49,15,1,0,1,C,0
26,8,1,0,1,S,1
58,8,1,1,1,C,0
29,8,1,0,1,S,1
42,4,0,0,1,C,0
32,3,0,1,1,C,0
18,3,1,0,1,S,1
23,3,0,1,1,S,0
51,3,1,0,1,C,0
38,3,0,0,1,C,0
42,3,0,0,1,C,0
62,3,1,0,1,C,0
51,3,1,0,1,C,0
34,3,1,0,1,S,0
51,3,1,1,1,C,0
16,3,1,0,1,S,0
34,3,1,1,1,C,1
56,3,1,0,1,C,0
29,3,0,0,1,S,0
48,3,1,1,1,C,0
24,3,0,0,1,S,1
34,3,1,0,1,C,0
29,3,0,1,1,S,1
24,3,0,1,1,S,1
73,3,1,1,1,C,0
36,3,0,1,1,O,1
30,14,0,0,1,O,0
27,8,1,0,1,O,1
26,7,1,0,1,C,0
37,6,0,0,1,C,1
45,5,1,0,1,C,0
19,3,0,1,1,S,1
29,3,1,0,1,S,0
26,3,1,0,1,C,0
33,3,1,0,1,S,0
25,3,1,0,1,S,0
20,3,1,0,1,S,0
28,3,0,0,1,S,0
24,3,0,1,1,S,1
49,3,0,0,1,C,0
35,3,1,0,1,S,0
46,3,1,1,1,C,0
26,3,1,0,1,C,0
60,3,1,0,1,C,0
33,3,0,1,1,S,1
36,3,1,0,1,C,0
28,3,0,0,1,S,0
45,3,0,1,1,C,0
26,3,0,1,1,S,1
57,3,1,1,1,C,0
57,3,1,0,1,C,0
32,3,1,0,1,C,0
67,3,1,0,1,C,0
24,3,1,1,1,S,1
23,3,0,0,1,S,1
25,3,1,1,1,S,1
32,9,1,0,1,O,1
28,8,1,0,1,S,1
31,3,0,0,1,C,0
44,4,1,1,1,C,0
29,4,1,1,1,S,0
22,3,1,0,1,S,0
44,3,1,0,1,S,0
42,4,1,1,1,O,0
61,3,1,0,1,C,0
46,3,1,0,1,C,0
45,3,1,0,1,C,0
22,3,1,0,1,S,0
35,3,1,0,1,C,0
33,3,0,1,1,C,0
37,3,0,1,1,C,1
19,3,1,1,1,S,1
28,3,1,0,1,C,1
50,3,1,0,1,C,0
45,3,0,1,1,C,1
37,3,0,0,1,C,0
42,3,1,1,1,C,0
38,15,1,0,1,C,0
26,9,1,0,1,S,0
35,7,1,1,1,C,1
34,3,1,0,1,C,0
79,3,0,1,1,C,0
22,3,1,0,1,S,1
34,3,0,0,1,C,0
30,3,1,0,1,C,0
37,3,1,1,1,C,1
50,3,0,0,1,C,0
44,3,0,1,1,C,0
23,3,1,0,1,S,1
34,3,1,1,1,C,0
28,3,0,0,1,S,1
40,3,1,0,1,C,0
32,3,1,1,1,S,0
47,3,1,0,1,C,0
43,3,1,1,1,O,1
28,3,0,1,1,O,0
51,3,1,0,1,S,0
32,3,1,0,1,C,0
34,3,0,0,1,C,0
65,38,1,0,1,C,0
29,3,1,1,1,C,1
26,3,0,1,1,S,0
40,3,1,0,1,C,0
37,3,0,1,1,S,0
64,3,0,1,1,C,1
27,3,0,0,1,S,1
35,3,1,0,1,C,0
45,3,1,1,1,S,0
60,20,0,1,1,C,1
30,4,1,0,1,S,0
15,3,1,0,1,S,0
57,3,1,1,1,C,0
35,3,0,1,1,O,1
74,3,1,1,0,O,0
24,3,0,0,1,S,1
29,3,1,0,1,S,0
27,3,1,0,1,S,0
41,3,1,1,1,C,0
48,3,1,0,1,O,0
25,3,1,0,1,C,0
53,3,0,0,1,C,0
23,3,1,1,1,S,1
47,3,1,0,1,C,0
47,3,0,1,1,C,1
23,3,0,0,1,C,1
48,3,1,0,1,C,1
48,3,1,0,1,C,0
21,3,1,0,1,S,0
52,3,1,0,1,O,0
70,3,0,0,1,C,0
26,3,0,1,1,S,1
27,3,0,0,1,C,1
18,3,0,1,1,O,0
39,3,0,1,1,C,1
51,3,1,0,1,C,0
41,3,1,0,1,C,0
36,3,1,0,1,C,0
46,16,1,0,1,C,1
51,14,1,0,1,C,0
43,13,0,0,1,O,0
32,7,1,0,1,C,0
38,5,1,0,1,S,0
35,4,0,0,1,C,0
44,3,0,1,1,C,0
39,3,0,0,1,S,0
48,3,0,1,1,C,1
23,3,0,0,1,S,0
31,3,0,0,1,S,0
46,3,1,1,1,C,0
56,3,1,0,1,C,1
50,3,1,1,1,S,0
23,3,1,0,1,S,0
47,3,1,0,1,C,0
38,3,1,0,1,S,0
60,3,1,1,1,C,0
44,3,1,0,1,C,0
43,3,0,0,1,C,0
28,3,0,0,1,C,1
24,3,1,0,1,C,0
81,3,1,0,1,C,0
77,3,1,0,1,C,0
38,3,1,1,0,C,0
35,3,0,0,1,S,1
36,3,0,1,1,C,0
26,3,1,0,1,C,0
19,3,0,0,1,S,1
69,3,1,0,1,C,0
29,10,0,0,1,S,0
29,6,1,0,1,O,0
28,5,1,0,1,C,0
43,3,1,0,1,C,0
56,3,0,0,1,C,0
27,3,1,1,1,S,0
42,3,0,0,1,C,0
36,3,0,1,1,C,1
18,3,1,0,1,C,0
24,3,0,0,1,S,0
71,3,1,0,1,C,0
64,3,1,0,1,C,0
68,3,1,0,1,C,0
48,3,1,1,1,C,0
46,3,1,0,1,C,0
38,3,1,0,1,C,0
47,3,0,1,1,C,1
22,3,1,1,1,S,0
71,3,1,1,1,C,0
27,3,0,0,1,S,0
51,3,1,0,1,C,0
23,3,0,0,1,S,1
21,3,1,1,1,S,1
62,3,0,0,1,C,0
47,3,1,0,1,C,0
23,3,1,1,1,S,0
39,3,0,1,1,C,1
54,3,1,0,1,C,0
44,3,0,0,1,C,0
27,3,1,1,1,S,0
46,3,1,1,1,C,0
20,3,0,1,1,S,0
22,3,1,0,1,S,0
27,3,1,1,1,S,0
38,18,1,0,1,C,1
25,9,1,0,1,O,1
38,8,0,0,1,C,1
32,8,1,0,1,C,0
41,6,1,1,1,S,0
30,3,1,0,1,S,0
27,3,1,0,1,S,0
23,3,0,0,1,S,0
50,3,1,0,1,C,0
26,3,1,1,1,S,1
62,3,1,0,1,C,0
55,3,0,0,1,S,0
42,3,1,1,1,C,0
28,3,1,1,1,S,0
69,3,1,0,1,C,0
71,3,0,1,1,O,0
47,3,1,0,0,C,1
36,3,0,0,1,C,0
32,3,0,0,1,C,0
65,3,1,0,1,C,0
65,3,1,0,1,C,1
46,3,1,0,1,C,0
29,3,1,0,1,S,1
43,3,0,0,1,C,0
40,3,0,0,1,C,0
21,3,1,0,1,S,0
30,3,1,0,1,S,0
58,11,1,0,1,C,0
68,3,1,0,1,C,0
29,3,1,0,1,C,0
31,3,1,1,1,S,0
25,18,1,0,1,S,1
34,2,1,1,1,C,0
26,3,1,1,1,S,1
45,2,1,1,1,C,0
58,2,1,0,1,C,0
31,3,1,1,1,S,1
32,2,1,1,1,S,0
20,2,1,1,1,S,1
36,3,1,0,1,C,0
41,2,0,0,1,O,0
59,3,1,0,1,C,0
53,3,1,0,1,C,0
32,3,1,0,1,C,0
51,2,1,0,1,C,0
31,3,0,1,1,S,1
25,2,1,0,1,C,0
31,2,1,0,1,C,0
34,2,1,1,1,S,1
59,2,1,0,1,C,0
29,2,1,0,1,S,0
63,2,1,0,1,C,0
40,2,1,0,1,C,0
52,15,0,0,1,C,1
45,2,0,0,1,C,0
47,2,0,0,1,O,0
30,2,0,1,1,C,1
44,2,1,0,1,C,0
48,2,1,0,1,C,0
60,6,1,1,1,C,0
35,2,1,1,1,C,1
48,2,1,0,1,C,0
64,18,1,0,1,C,0
51,2,1,1,1,C,0
49,2,1,0,1,C,0
36,2,0,1,1,C,1
55,2,1,0,1,O,0
47,3,0,0,1,C,0
28,2,1,1,1,C,1
28,16,1,0,1,S,0
21,2,1,0,1,S,0
25,2,0,0,1,S,0
30,2,1,1,1,S,0
26,2,0,1,1,S,0
59,2,1,0,1,C,0
44,2,1,0,1,C,0
49,2,1,1,1,C,0
43,2,1,1,1,C,0
27,16,1,0,1,S,0
44,8,1,0,1,C,0
47,3,1,0,1,C,0
27,14,1,0,1,S,0
27,3,0,0,1,C,1
62,2,1,1,1,O,0
27,5,1,1,1,C,1
37,2,1,1,1,C,0
63,8,1,1,1,C,0
50,18,1,0,1,C,1
67,7,1,0,1,C,0
59,31,1,1,1,C,0
32,2,0,0,1,S,0
63,13,1,0,1,S,0
46,3,1,0,1,C,0
58,15,1,1,1,C,1
18,2,1,0,1,S,0
60,7,0,1,1,O,0
67,2,1,1,1,C,0
41,8,0,0,1,C,1
30,2,1,0,1,C,0
64,26,1,0,1,C,1
32,2,0,0,1,C,0
62,21,1,0,1,C,0
68,6,1,1,1,C,0
32,2,0,1,1,C,1
63,2,1,1,1,C,1
46,2,1,0,1,C,0
52,2,1,1,1,C,0
25,16,1,1,1,O,1
28,12,0,0,1,S,1
22,2,1,1,1,S,1
27,2,1,0,0,S,0
33,7,1,0,1,C,0
36,2,1,0,1,C,1
31,3,1,1,1,S,0
35,2,1,0,1,C,1
33,2,1,0,1,C,0
51,2,1,0,1,C,1
38,2,1,1,1,C,0
43,2,0,0,1,O,0
37,2,0,0,1,C,0
39,2,1,1,1,O,1
45,2,1,0,1,C,0
45,4,1,0,1,C,0
26,2,0,1,1,S,1
39,2,1,0,1,C,0
41,2,1,0,1,C,0
28,2,1,0,1,C,0
28,2,0,0,1,C,0
48,2,0,0,1,O,1
25,2,1,1,1,S,1
35,2,0,1,1,S,1
51,2,1,0,1,C,0
28,2,1,1,1,C,0
27,2,1,0,1,S,0
30,2,0,1,1,C,1
60,2,1,0,1,C,0
21,2,0,0,1,S,1
39,2,1,0,0,S,0
38,2,1,0,1,C,0
67,2,1,0,1,C,0
66,2,1,0,1,C,0
43,2,1,0,1,C,0
31,2,1,0,1,C,0
38,2,1,0,0,C,1
59,2,1,1,1,C,0
52,2,1,1,1,C,0
50,2,1,0,1,C,0
47,2,0,1,1,C,1
36,2,1,0,1,C,0
45,2,0,0,1,C,0
49,2,1,0,1,C,0
57,2,0,0,1,C,0
51,2,0,0,1,C,0
34,2,1,0,1,C,0
19,2,1,1,1,S,0
50,2,1,1,1,C,0
61,2,1,0,1,S,0
31,2,1,0,1,C,0
31,2,1,0,1,C,1
69,2,1,1,1,C,0
55,2,1,1,1,C,0
43,2,0,1,1,O,1
45,2,1,1,1,C,0
35,2,1,0,1,C,0
23,2,0,1,1,S,1
70,2,1,0,1,C,0
32,2,1,0,1,C,1
23,2,1,1,1,S,1
45,2,0,1,1,C,1
46,2,0,0,1,C,0
41,2,0,1,1,C,0
20,2,0,0,1,S,0
39,2,0,0,1,C,0
57,2,1,1,1,C,0
50,2,1,0,1,C,0
44,2,1,0,1,C,0
28,2,1,0,1,S,0
56,2,1,0,1,C,1
39,2,0,1,1,C,1
24,2,0,0,1,S,0
34,2,1,0,1,S,0
40,2,1,0,1,C,1
41,2,1,0,1,C,0
54,2,1,0,1,C,0
56,2,0,0,1,O,0
23,2,1,0,1,S,0
59,2,1,0,1,C,0
28,2,0,1,1,S,0
17,2,1,0,1,S,0
28,2,1,0,1,S,1
25,2,1,0,1,S,0
19,2,1,0,1,S,1
24,2,1,0,1,C,0
26,2,1,0,1,C,0
48,2,1,1,1,C,0
49,4,1,1,1,C,0
44,2,1,0,1,C,0
40,2,0,0,1,C,0
33,2,0,0,1,C,0
34,2,1,0,1,C,0
35,2,0,0,1,S,0
60,2,1,1,1,C,0
23,2,1,0,1,S,0
50,2,1,1,1,C,0
30,2,1,0,1,C,0
59,2,1,0,1,C,0
60,2,1,0,1,O,0
29,2,1,0,1,S,0
27,2,1,0,1,S,0
34,2,0,0,1,O,0
54,2,1,1,1,C,0
18,2,1,1,1,S,1
25,2,1,0,1,C,1
80,2,1,0,1,C,0
38,2,1,0,1,C,0
29,2,1,0,1,C,0
43,2,1,0,1,O,0
42,2,1,1,1,C,0
72,2,1,0,1,C,0
67,2,0,0,1,C,0
71,2,1,0,1,C,0
70,2,1,0,1,C,0
35,2,1,0,1,C,0
70,2,1,0,1,C,0
29,2,1,1,1,C,1
60,2,1,1,1,C,0
39,2,1,1,1,S,0
57,2,0,0,1,C,0
15,2,1,0,0,S,0
32,2,0,1,1,C,1
22,2,0,0,1,S,0
67,2,1,0,1,C,0
64,2,1,1,1,C,0
18,2,1,1,1,C,0
27,2,1,0,1,S,0
50,2,1,0,1,C,0
41,2,1,1,1,C,0
48,2,1,0,1,C,0
46,2,1,0,1,S,0
30,2,1,1,1,S,0
31,2,1,1,1,C,0
27,2,0,1,1,S,1
54,2,1,0,1,C,0
53,2,1,0,1,C,0
45,2,0,0,1,C,0
26,2,1,0,1,S,0
57,2,1,0,1,C,0
21,2,1,0,1,S,1
27,2,1,0,0,S,0
33,2,1,0,1,C,1
27,2,1,1,1,S,1
46,2,1,0,1,C,0
46,2,0,0,1,C,0
71,2,1,1,1,C,0
75,2,1,0,1,C,0
28,2,0,1,1,S,0
69,2,1,0,1,C,0
21,2,0,1,1,S,1
46,2,1,1,1,C,0
28,2,1,0,1,C,0
59,2,1,1,1,C,0
39,2,1,0,1,C,0
51,2,1,1,1,C,0
30,2,1,1,1,S,1
38,2,1,1,1,C,0
30,2,0,1,1,C,0
25,2,1,1,1,S,0
29,2,0,0,1,C,0
35,2,1,0,1,C,0
29,2,0,1,1,C,0
38,2,1,0,1,C,0
41,2,0,1,1,C,1
36,2,1,1,1,C,0
28,2,1,0,1,C,0
44,2,1,1,1,C,0
47,2,1,1,1,C,0
37,2,0,0,1,C,0
47,2,1,0,1,O,0
61,2,1,1,1,C,0
47,2,1,0,1,C,0
52,2,0,0,1,C,0
33,2,1,0,1,C,0
65,2,1,0,1,C,1
47,2,1,0,1,C,0
42,2,1,0,1,O,0
17,2,1,1,1,S,1
24,2,1,1,1,S,0
45,2,0,1,1,C,0
62,2,1,0,1,C,0
30,2,1,1,1,C,1
56,2,1,1,1,O,0
18,2,1,0,1,S,1
27,2,0,0,1,C,1
47,2,0,0,1,C,0
29,2,0,0,1,S,1
31,2,1,1,1,S,1
26,2,0,1,1,C,0
30,2,1,0,1,S,0
26,2,1,1,1,S,1
59,2,1,0,1,C,0
24,2,0,0,1,S,1
26,2,0,0,1,S,0
29,2,1,1,1,S,0
34,2,1,0,1,C,0
23,2,1,1,1,S,1
20,2,1,0,1,S,0
52,2,1,0,1,C,0
42,2,1,0,1,C,0
55,2,1,0,1,C,1
67,2,1,1,1,C,0
37,2,0,1,1,S,1
69,2,1,0,1,C,0
35,2,1,0,1,C,0
25,2,1,0,1,S,0
20,2,1,1,0,S,0
30,2,0,0,1,C,0
37,2,0,0,1,C,0
59,2,1,0,1,S,0
29,2,1,1,0,O,0
36,2,0,0,1,S,0
24,2,0,1,1,S,0
23,2,1,1,1,C,1
32,2,1,1,1,S,1
40,2,0,0,1,C,0
46,2,0,0,1,C,0
48,2,0,1,1,C,0
26,2,0,0,1,S,1
21,2,1,0,0,S,0
28,2,1,1,1,S,0
32,2,0,0,1,C,0
36,2,1,1,1,C,0
51,2,0,0,1,C,0
27,4,0,0,1,S,1
27,2,1,0,1,C,0
21,2,1,0,1,S,0
20,2,1,0,1,S,0
30,2,1,1,1,S,0
31,2,0,1,1,C,1
52,2,1,0,1,C,0
52,2,1,1,1,C,0
23,2,1,0,1,S,0
71,2,1,0,1,C,0
46,2,1,1,1,C,0
45,2,1,0,1,C,0
34,2,1,0,1,C,0
35,2,1,1,1,C,0
22,2,1,1,1,S,0
27,2,0,1,1,S,0
65,2,1,1,1,C,0
36,2,1,1,1,C,0
44,2,1,0,1,S,0
47,2,0,0,1,C,0
38,2,1,1,1,C,0
42,2,0,0,1,C,0
30,2,0,0,1,S,0
23,2,0,0,1,S,1
41,2,0,1,1,O,1
27,2,0,1,1,C,1
41,2,1,1,1,C,0
