age,men,urban,private,price.C,price.M,price.F,veh
52,1,0,1,53.846,6.337,60.603,C
66,1,0,1,19.554,4.638,27.88,C
48,0,1,1,16.987,3.059,29.094,C
56,1,0,1,9.353,4.798,14.154,C
76,1,0,1,9.593,0.208,15.972,C
51,1,1,1,14.932,4.387,17.289,C
44,0,0,1,9.386,1.766,9.908,C
52,1,1,1,8.634,2.666,12.27,M
53,1,1,1,3.983,1.276,5.285,M
50,1,0,1,12.718,2.846,15.797,C
53,1,0,0,48.148,3.183,83.827,C
74,1,1,1,17.832,5.25,23.308,C
39,1,0,1,7.528,4.846,12.221,C
41,1,1,1,7.013,0.733,13.747,C
67,1,1,1,11.355,3.101,17.414,C
52,0,0,1,22.635,4.29,31.418,C
35,1,1,1,3.237,2.425,4.158,M
66,1,0,1,10.032,6.827,11.132,C
61,1,0,1,12.568,6.573,20.223,C
55,1,1,1,9.612,3.788,13.629,C
57,1,1,1,11.419,5.338,15.642,C
72,1,0,1,9.645,5.051,15.431,C
54,0,0,1,30.027,5.936,41.168,C
41,1,1,1,10.111,2.775,19.596,C
50,1,0,1,23.136,1.177,30.506,F
52,1,1,1,46.5,6.181,48.695,C
41,1,0,1,32.454,3.589,44.912,C
62,1,0,1,17.37,2.962,25.045,C
51,1,1,1,14.283,2.277,26.719,C
68,1,0,1,18.714,8.368,21.937,C
61,1,0,1,11.225,4.781,21.963,C
68,1,0,1,3.909,6.972,4.228,M
39,0,1,1,17.604,0.673,25.204,C
68,1,1,1,20.491,3.377,31.932,C
69,1,1,1,7.975,1.04,14.111,C
56,1,1,1,17.181,3.686,23.827,C
53,1,1,1,38.518,0.723,47.628,C
64,1,1,1,18.154,4.272,18.721,F
63,1,1,1,11.484,8.021,18.176,C
48,1,0,1,3.013,2.418,5.829,M
56,1,0,1,5.812,1.753,9.75,C
44,1,0,1,30.054,2.28,54.126,C
54,1,0,1,37.376,6.241,74.377,C
54,1,0,1,30.376,4.226,44.481,C
40,0,1,1,13.348,3.58,21.421,F
54,1,0,1,11.569,2.212,13.717,C
79,1,0,1,7.404,10.25,10.705,C
44,1,1,1,13.411,1.159,25.73,C
51,1,0,1,18.651,6.52,27.547,C
52,0,1,1,18.82,3.684,27.456,C
43,1,0,1,10.03,3.176,10.37,C
37,1,1,1,18.532,0.76,21.465,C
47,1,0,1,17.449,1.157,31.591,C
35,1,0,1,15.661,0.69,25.602,C
53,1,1,1,32.142,6.405,43.999,C
50,1,0,1,18.932,5.072,25.275,C
38,1,0,1,20.851,0.503,39.14,C
60,1,0,1,35.735,3.56,62.626,C
58,0,0,1,11.333,2.616,13.611,C
52,1,1,1,19.037,3.67,19.638,C
76,1,0,1,17.976,3.27,34.002,F
40,1,0,1,9.989,3.112,13.353,C
73,1,0,1,5.567,6.678,11.081,C
56,0,1,1,5.729,6.196,9.855,C
57,0,1,1,7.648,2.406,12.713,C
40,0,0,1,53.07,1.077,56.094,C
55,1,0,1,28.941,1.708,30.973,C
62,1,0,1,5.5,4.634,8.252,C
52,1,0,0,20.66,1.655,21.745,C
35,1,0,1,9.633,0.447,11.535,C
64,1,0,1,21.757,3.46,41.343,C
39,1,0,1,38.222,4.056,53.289,C
44,1,0,1,43.89,2.367,45.696,M
52,1,0,1,21.461,4.137,33.684,C
85,1,0,1,25.141,7.572,47.146,C
46,0,1,1,7.871,2.555,15.381,C
78,1,0,1,7.042,2.085,12.448,C
53,1,0,1,6.151,0.859,7.862,C
50,1,1,1,8.979,2.297,12.932,C
36,1,0,1,21.642,1.445,39.31,M
48,0,0,1,7.828,3.176,8.978,C
72,1,0,1,27.409,3.636,35.391,F
58,1,1,1,24.332,3.929,27.283,C
58,1,0,1,25.266,0.431,36.504,C
77,1,1,1,9.362,4.026,17.898,C
62,1,0,1,9.478,5.103,18.563,C
51,1,0,1,45.553,3.288,63.815,C
50,0,0,1,53.896,3.696,96.184,C
56,1,0,1,17.932,3.641,33.208,C
34,1,0,1,11.486,2.702,14.049,M
52,1,0,1,22.978,2.954,35.213,C
68,1,0,1,9.134,4.195,16.694,C
58,1,0,1,9.896,6.086,11.611,C
55,1,1,1,12.05,0.66,13.736,C
36,1,1,1,7.043,3.602,11.633,C
49,1,0,1,8.519,5.462,11.149,C
47,1,0,1,15.791,4.362,27.974,C
46,1,0,1,10.489,2.149,19.295,F
54,1,0,1,28.676,4.934,29.005,C
39,1,0,1,8.395,0.398,14.715,C
52,1,0,1,24.545,2.739,30.617,C
73,1,0,1,9.248,6.51,9.367,C
55,1,0,1,14.349,4.854,26.663,F
53,1,0,1,5.726,6.043,8.198,C
44,1,1,1,9.171,0.894,10.13,C
61,1,0,1,23.197,7.546,23.85,F
43,1,0,1,13.786,0.435,15.118,C
53,1,0,1,23.221,5.959,43.884,C
64,1,0,1,7.607,1.758,13.285,C
44,1,0,1,17.383,3.155,21.818,C
39,1,1,1,14.6,0.731,15.094,C
59,1,0,1,29.944,1.337,56.125,C
49,1,0,1,28.608,4.774,50.653,C
45,1,0,1,40.264,1.163,65.74,C
30,1,0,1,8.731,2.66,9.585,C
70,1,1,1,5.859,4.672,5.877,C
41,1,0,1,10.109,2.455,17.803,C
46,0,0,1,21.572,4.294,29.652,C
66,1,1,1,9.664,7.827,17.771,C
67,1,0,1,8.473,5.343,14.912,C
62,1,1,1,23.408,7.469,24.948,M
40,1,0,1,7.887,2.395,12.332,C
70,1,1,1,20.912,5.782,38.445,C
48,1,0,1,11.452,2.471,19.441,C
62,1,1,1,6.27,5.628,6.925,C
56,1,0,1,21.18,5.772,41.026,C
76,1,0,1,6.787,2.077,9.19,C
70,1,0,1,9.782,1.33,10.58,C
40,1,1,1,60.676,2.236,86.836,C
59,1,1,1,29.039,4.306,30.813,C
32,0,1,1,21.108,1.807,27.31,C
57,1,0,1,6.737,4.818,13.004,C
47,1,1,1,26.34,5.068,52.206,C
42,1,0,1,16.467,2.398,22.025,F
36,0,0,1,17.192,2.02,27.757,C
67,1,1,1,9.765,3.901,12.172,C
40,1,0,1,27.341,5.181,43.941,C
59,1,0,1,10.329,3.057,15.222,C
55,1,0,1,10.211,2.896,17.702,C
42,0,0,1,19.738,4.39,27.905,C
40,1,0,1,11.078,2.266,13.224,C
45,0,0,1,79.47,0.436,85.401,C
72,1,0,1,16.474,6.637,32.12,C
79,1,0,1,7.962,8.536,11.611,C
56,1,1,1,9.151,6.494,12.627,C
35,1,0,1,27.836,2.418,43.618,C
76,1,1,1,17.285,2.089,19.126,C
49,1,0,1,31.83,4.708,40.327,C
39,1,0,1,7.858,0.432,10.782,C
48,1,1,1,8.869,1.569,17.708,C
49,1,0,1,33.843,2.162,54.653,C
48,1,0,1,28.005,0.965,55.955,C
37,1,0,1,12.977,2.164,15.512,M
76,1,0,1,11.037,8.768,18.81,C
52,1,1,1,14.497,0.377,26.588,C
60,1,0,1,28.391,4.384,32.47,C
56,1,1,1,30.584,3.517,40.004,C
54,1,0,1,13.878,6.489,27.685,C
58,1,1,1,9.361,1.768,12.328,C
64,1,0,1,38.443,6.065,68.111,C
61,0,0,1,6.356,2.121,8.044,C
46,1,0,1,11.336,5.257,18.499,C
32,1,0,1,11.781,3.974,21.941,C
58,1,0,0,22.658,7.189,32.328,F
69,1,0,1,9.64,0.963,10.824,C
61,1,0,1,26.696,6.74,37.548,C
47,0,1,1,9.979,0.115,12.526,C
41,1,0,1,36.943,4.152,40.37,C
37,1,1,1,39.349,3.631,52.464,M
47,0,1,1,7.511,1.117,14.983,C
54,1,0,1,27.635,6.046,39.583,C
42,1,0,1,7.865,2.17,13.254,C
36,1,1,1,17.624,2.575,20.726,C
56,1,0,1,24.9,6.428,37.449,C
37,0,1,1,15.97,2.832,20.546,C
28,0,0,1,30.558,1.574,33.383,F
47,1,0,1,37.126,0.548,55.344,M
79,1,1,1,7.306,2.299,12.802,C
43,1,1,1,9.602,2.674,18.215,C
55,1,0,1,6.933,7.018,13.779,C
36,1,0,1,7.356,0.72,9.407,C
41,1,0,1,10.927,1.981,21.469,C
51,1,0,1,6.271,6.459,11.504,M
55,1,0,1,20.818,0.218,38.607,C
35,1,0,1,38.15,3.747,60.705,C
44,0,0,1,12.801,5.028,23.677,C
33,1,0,1,8.991,1.27,11.202,C
45,0,0,1,7.946,4.425,9.98,C
69,1,0,1,23.829,4.288,44.713,C
65,1,0,1,9.43,8.259,16.778,C
82,1,1,1,8.639,7.018,12.579,C
33,1,0,1,36.462,0.386,71.88,C
65,1,0,1,12.745,2.034,15.494,C
35,1,1,1,29.867,1.65,30.61,C
48,1,0,1,11.019,0.359,18.914,C
41,1,0,1,9.239,1.653,11.058,C
77,1,0,1,7.535,8.442,8.399,C
34,1,1,1,27.899,1.344,42.709,C
51,1,1,1,15.744,3.685,17.827,M
55,1,1,1,7.987,4.68,12.832,C
63,1,0,1,7.959,7.385,14.035,C
54,1,0,1,8.325,6.233,11.143,C
48,1,1,1,6.179,4.163,8.976,M
44,1,1,1,8.045,2.224,12.616,C
38,1,0,1,10.042,3.076,14.754,C
55,1,0,1,30.138,0.661,57.926,C
61,1,0,1,36.935,5.341,52.45,C
58,1,0,1,4.235,0.658,8.007,M
51,1,1,1,12.092,0.854,24.045,F
42,1,1,1,19.001,3.93,26.6,C
47,1,0,0,21.477,3.106,32.559,C
50,1,0,1,31.682,1.306,35.938,M
33,1,1,1,8.607,0.176,15.888,C
48,1,0,1,15.227,0.165,19.407,C
35,1,0,1,24.45,3.546,34.422,C
57,0,1,1,11.765,2.185,13.476,C
72,0,0,1,8.686,3.2,11.46,C
48,1,0,1,9.028,1.111,14.567,C
55,0,0,1,33.663,3.907,62.811,C
45,1,0,1,20.796,1.356,26.537,M
38,1,1,1,9.08,2.898,17.384,C
35,1,0,1,29.696,2.726,52.848,M
39,1,1,1,17.51,0.416,30.279,C
36,1,0,1,8.511,2.83,9.221,C
52,1,1,1,42.43,3.866,59.973,F
71,1,0,1,6.589,0.667,6.705,C
38,0,0,1,14.063,3.73,26.373,F
55,1,0,1,72.647,3.43,96.439,F
39,0,1,1,21.118,0.667,29.633,C
72,1,0,1,19.709,5.74,38.473,C
44,0,0,1,18.86,3.997,36.162,C
65,0,0,1,7.76,6.524,11.068,C
45,1,0,1,46.934,0.356,71.242,C
35,1,1,1,21.783,0.622,29.136,C
44,1,0,1,25.315,4.588,25.423,C
54,0,0,1,16.297,5.684,17.816,C
34,1,1,1,18.337,4.341,18.924,C
40,0,0,1,7.748,3.565,10.437,C
61,1,0,1,11.23,7.465,15.321,C
63,1,1,1,16.88,0.601,31.558,C
57,0,0,1,6.491,7.339,10.413,C
49,1,1,1,22.172,2.904,30.512,C
40,1,0,1,11.705,3.15,14.701,C
47,1,0,1,14.906,5.804,20.96,C
44,1,1,1,7.46,0.409,8.11,C
60,1,0,1,11.144,0.684,14.918,C
47,1,1,1,21.3,4.525,26.286,C
37,1,0,1,11.608,2.406,13.784,C
65,1,0,1,7.922,6.65,11.542,C
32,1,1,1,12.41,2.866,15.02,C
42,0,0,1,19.323,2.353,19.934,C
45,1,0,1,19.388,5.463,25.365,C
36,0,0,1,12.002,1.663,15.362,C
52,1,0,1,14.725,4.619,29.057,C
77,1,0,1,5.008,7.721,8.369,C
50,1,0,1,34.211,4.743,43.346,C
36,0,0,1,7.839,2.206,8.77,C
70,1,0,1,4.993,3.209,9.406,C
53,1,0,1,32.149,1.323,34.33,C
52,1,1,1,18.049,3.335,34.751,C
51,1,0,1,27.363,2.279,28.832,C
71,1,0,1,14.468,4.586,24.283,C
57,1,0,1,53.589,1.431,106.996,F
49,1,0,1,7.637,1.263,13.607,C
38,1,0,1,39.443,0.403,43.858,C
33,0,0,1,3.944,2.864,7.714,M
58,1,0,1,14.689,5.655,20.452,F
73,1,1,1,6.896,8.048,9.614,C
37,1,0,1,113.119,0.267,199.798,C
51,1,0,1,9.167,6.048,12.323,C
34,1,0,1,7.676,3.212,11.488,C
50,1,1,1,8.578,2.344,11.39,C
49,0,0,1,55.82,3.414,82.619,C
58,1,1,1,10.359,2.663,12.387,C
43,1,1,1,25.686,1.927,33.944,C
38,1,0,1,6.38,3.386,10.218,C
67,1,0,1,16.064,6.316,22.712,C
44,0,1,1,17.893,4.153,34.7,C
42,1,0,0,44.511,4.668,55.788,C
52,0,0,1,8.66,6.598,11.84,C
53,1,0,1,21.639,6.335,41.223,C
41,0,0,1,22.378,4.108,33.101,C
46,1,0,1,49.511,4.833,54.608,C
52,1,0,1,44.095,4.335,59.11,F
50,1,0,1,36.503,3.887,71.543,C
58,1,0,1,11.312,2.306,17.805,C
65,1,1,1,6.836,1.1,13.54,C
34,1,0,1,8.984,3.002,13.693,C
46,1,0,1,17.801,2.861,31.59,C
36,0,0,1,11.34,1.679,16.201,C
68,1,0,1,8.301,4.179,16.09,C
54,1,0,1,6.869,6.037,12.797,C
36,1,0,1,14.503,2.11,17.805,M
55,1,0,1,16.376,5.328,24.65,C
52,1,1,1,31.167,5.808,52.545,C
58,1,0,1,8.624,5.525,9.786,C
40,1,0,1,33.34,0.648,66.347,C
50,0,1,1,15.534,6.216,17.567,C
56,1,1,1,27.043,2.223,33.974,C
36,1,0,1,15.566,1.848,25.79,C
49,0,0,1,5.955,0.421,6.919,C
45,1,0,1,24.916,0.42,40.608,F
48,1,0,1,7.989,2.979,9.37,C
43,0,0,1,14.753,5.115,17.863,C
51,0,0,1,9.669,0.38,11.823,C
52,1,1,1,10.889,1.439,11.141,C
58,1,1,1,37.545,2.428,58.035,C
55,1,1,1,9.224,2.701,13.995,C
34,1,0,1,21.221,1.697,35.607,M
70,1,1,1,7.616,7.189,12.538,C
58,1,1,0,7.496,7.286,8.808,C
62,1,0,1,30.252,7.475,33.427,C
49,1,0,1,10.821,4.861,18.23,F
45,1,0,1,26.003,2.463,46.177,C
61,1,0,1,7.528,1.093,7.855,C
45,0,0,1,30.515,4.567,37.994,C
60,1,0,1,8.257,4.892,13.922,C
49,1,1,1,35.104,2.849,47.837,C
61,1,0,1,18.69,3.004,28.854,C
50,1,1,1,13.648,0.697,15.597,C
71,1,0,1,8.093,8.367,12.257,C
63,1,0,1,16.172,1.052,18.555,C
59,1,1,1,18.499,2.616,31.559,C
37,1,0,1,13.475,1.724,16.348,C
39,1,1,1,24.696,4.745,44.811,C
69,1,1,1,11.235,3.004,20.341,C
50,1,0,1,11.925,0.185,13.838,C
58,1,0,1,21.242,5.723,30.574,C
56,1,0,1,50.079,1.241,55.225,C
55,1,1,1,18.644,1.058,31.285,C
45,0,0,1,22.997,4.856,40.31,C
50,0,0,1,8.604,5.756,15.822,C
45,1,0,1,9.491,5.46,11.785,C
42,1,1,1,35.826,5.433,66.291,C
52,1,1,1,19.679,3.475,23.515,C
37,1,0,1,8.624,2.681,15.27,C
47,1,0,1,15.49,1.347,16.731,C
46,1,1,1,5.144,3.317,6.616,C
76,1,0,1,7.515,4.722,14.898,C
73,1,0,1,6.645,1.213,6.943,C
44,1,0,1,18.769,5.627,27.633,C
47,1,0,1,8.639,3.782,13.55,C
48,1,1,1,9.316,2.978,14.099,C
43,1,0,1,9.51,3.119,10.227,C
47,1,0,1,21.297,6.093,25.541,F
39,1,0,1,29.534,4.574,36.229,C
51,1,0,1,3.22,3.537,5.659,M
48,1,0,1,9.989,5.895,18.681,C
60,1,0,1,26.106,0.383,42.379,C
62,1,1,1,11.44,7.466,22.828,C
38,1,0,1,10.217,0.909,12.305,C
38,0,1,1,19.895,1.953,36.224,C
43,1,0,1,36.831,4.463,58.401,C
72,1,0,1,16.355,8.259,23.525,C
43,0,0,1,7.629,2.938,7.755,C
69,1,0,1,14.067,3.022,27.845,C
48,1,0,1,20.914,6.028,34.336,C
45,0,1,1,9.662,0.141,18.147,C
38,0,0,1,7.924,3.327,12.91,C
53,1,0,1,14.893,3.733,23.41,C
43,1,0,1,7.414,0.43,8.157,C
42,0,0,1,21.762,2.081,21.794,C
44,1,0,1,20.887,4.046,28.005,C
35,0,0,1,11.254,1.31,20.365,C
44,0,1,1,8.092,1.133,13.333,C
45,1,0,1,8.519,1.332,14.358,C
35,1,0,1,8.752,0.75,10.699,C
53,1,0,1,28.365,5.778,35.135,C
55,1,0,1,13.523,3.319,21.25,C
65,1,1,1,37.716,0.436,40.869,C
39,1,0,1,34.238,4.366,34.955,C
50,0,1,1,17.05,4.464,19.76,C
57,1,0,1,10.557,4.064,13.501,C
56,1,0,1,3.902,5.827,4.099,M
71,1,1,1,17.42,4.84,34.667,C
70,1,0,1,4.253,9.008,6.268,M
55,1,0,1,32.632,1.976,58.173,C
62,1,1,1,19.187,4.32,24.02,C
32,1,1,1,9.165,2.33,15.63,C
37,1,0,1,6.558,0.344,7.864,C
33,1,0,1,14.567,1.5,25.097,C
40,1,1,1,8.579,4.698,13.725,C
57,1,0,1,118.666,0.514,161.916,C
75,1,0,1,5.054,5.21,7.678,C
42,1,0,1,61.82,4.768,102.529,C
65,1,0,1,10.051,6.759,12.342,C
58,1,0,1,26.851,4.887,41.78,C
41,1,0,1,42.305,1.296,81.096,F
39,1,1,1,10.028,4.494,13.634,C
33,1,0,1,13.149,3.959,25.175,C
57,1,0,1,14.535,4.069,24.379,C
38,0,1,1,15.006,0.861,18.152,C
62,0,1,1,19.929,5.87,21.546,C
37,1,1,1,4.553,4.253,6.222,M
58,1,1,1,9.582,1.16,16.22,C
45,1,0,1,26.194,0.825,30.657,C
37,0,0,1,7.992,2.178,12.061,C
47,1,0,1,35.816,6.073,54.032,C
38,1,1,1,27.805,2.592,42.175,C
60,1,0,1,28.335,1.243,51.753,M
37,1,0,1,5.804,1.542,11.608,C
44,1,0,1,16.636,2.584,20.843,C
46,0,0,0,17.334,2.707,34.368,C
33,1,0,1,24.224,0.737,38.497,C
45,0,0,1,11.353,0.339,14.464,C
46,0,0,1,22.65,1.78,28.994,C
42,1,0,1,6.425,4.761,10.327,C
37,0,0,1,37.014,0.256,73.01,C
43,1,0,1,9.739,4.988,13.157,C
38,0,0,1,8.15,2.129,11.999,C
40,0,0,1,5.936,1.626,7.546,C
38,1,0,1,10.734,3.636,17.026,C
46,1,0,1,3.104,5.348,5.606,F
35,0,0,1,14.792,0.533,28.859,C
50,1,0,1,8.621,1.296,15.389,C
41,1,0,1,9.043,1.601,11.384,C
34,1,0,1,6.019,4.164,12.021,M
46,1,1,1,13.014,4.519,13.364,C
39,1,0,1,11.591,5.003,21.724,C
51,1,0,1,9.414,6.293,15.504,C
48,1,1,1,7.158,2.045,13.905,C
43,1,0,1,9.997,3.038,15.248,C
43,1,1,1,16.361,2.308,19.188,C
39,1,1,1,4.991,1.031,8.561,M
39,1,1,1,10.426,1.089,17.14,C
65,1,0,1,22.952,3.921,26.062,C
40,1,0,1,15.248,2.153,27.908,C
37,1,0,1,24.452,1.017,42.649,C
60,1,0,1,18.821,5.511,28.995,C
73,1,0,1,8.527,3.711,8.603,C
53,1,0,1,8.75,5.738,11.666,C
37,1,0,1,25.025,1.068,34.748,C
46,1,1,1,8.035,2.969,9.308,C
67,1,1,1,7.524,5.748,8.95,C
37,1,0,1,7.635,2.633,7.68,C
55,1,1,1,17.052,1.554,24.891,M
44,1,0,1,16.674,4.175,31.218,C
59,0,0,1,42.698,5.167,44.048,C
38,0,0,1,16.329,1.835,25.142,C
62,1,0,1,13.631,7.057,19.067,C
57,1,0,1,12.361,3.723,23.389,C
82,1,0,1,10.935,6.796,14.256,C
56,1,1,1,22.642,5.274,33.589,C
49,0,0,1,5.848,6.274,8.999,C
40,0,0,1,62.762,3.022,65.208,C
47,1,1,1,65.751,5.758,67.163,C
34,1,0,1,20.906,2.049,35.341,C
53,1,1,1,14.939,3.911,28.439,C
47,0,0,1,11.837,3.135,19.33,C
37,1,0,1,6.774,2.789,8.096,M
41,1,0,1,8.81,4.943,9.561,C
41,1,0,1,24.329,4.559,32.379,F
35,0,0,1,7.713,2.406,8.801,C
40,1,0,1,20.622,4.135,24.634,C
33,0,0,1,20.395,2.318,30.685,C
45,1,0,1,4.196,0.823,6.734,M
43,0,0,1,15.251,1.491,19.842,C
71,1,1,1,13.331,0.757,17.726,C
42,1,1,1,13.981,3.819,25.514,C
66,1,0,1,19.968,1.022,21.061,C
79,1,0,1,4.881,0.278,5.439,M
66,1,0,1,7.221,6.716,14.29,C
62,1,1,1,6.405,2.765,7.265,C
63,1,0,1,8.817,2.505,10.492,C
42,1,0,1,12.092,1.986,15.335,M
37,1,0,1,7.717,4.396,13.989,C
59,1,0,1,7.211,5.275,12.676,C
59,0,1,1,11.75,4.125,20.982,C
40,0,0,1,25.679,3.423,44.748,C
50,1,0,1,58.048,2.102,107.958,C
57,1,0,1,6.728,1.611,10.285,C
44,1,0,1,2.522,1.938,3.773,M
45,1,1,1,8.303,4.495,10.509,C
44,1,0,1,22.997,4.128,36.02,C
30,1,1,1,9.889,1.463,17.546,C
32,1,1,1,31.901,1.068,62.043,C
67,1,1,1,6.942,3.962,9.358,C
75,1,1,1,7.612,0.233,13.162,C
66,1,0,1,9.571,6.461,12.706,C
58,0,1,1,15.768,2.228,21.816,C
40,0,1,1,60.662,1.243,81.248,C
61,1,1,1,8.291,0.362,10.753,C
72,1,0,1,9.124,6.361,11.292,M
54,1,1,1,22.93,1.294,35.387,C
48,0,1,1,38.427,2.422,76.209,C
49,0,1,1,12.247,1.822,17.092,C
66,1,0,1,7.282,1.064,14.49,C
63,1,1,1,17.242,5.527,32.241,C
43,0,0,1,78.36,2.009,105.784,C
39,1,0,1,6.95,1.092,11.261,C
51,0,0,1,13.747,1.369,22.987,C
40,1,0,1,10.713,4.797,15.679,C
53,0,0,1,7.613,2.343,10.882,C
39,1,0,1,23.066,3.763,27.48,C
53,1,0,1,15.757,6.072,21.781,F
42,0,1,1,6.037,3.487,6.413,C
66,1,0,1,8.886,3.567,10.076,C
78,1,0,1,8.039,6.914,9.815,C
52,0,1,1,26.614,2.734,46.615,C
41,0,0,1,11.999,1.003,22.565,C
51,1,0,1,6.353,4.851,12.336,C
61,1,0,1,13.844,6.383,17.647,C
60,1,0,1,4.067,6.74,7.059,M
45,0,0,1,18.141,2.248,35.544,M
30,1,1,1,17.32,3.294,32.576,C
49,1,0,1,10.658,5.323,11.106,F
51,1,0,1,3.203,6.143,5.897,M
50,0,1,1,18.844,4.376,24.829,C
46,1,1,1,9.317,4.789,12.213,F
46,0,0,1,7.718,5.034,13.149,C
63,1,0,1,18.175,7.594,23.885,C
39,1,0,1,45.059,1.023,54.68,C
51,0,1,1,19.03,5.633,23.832,C
74,1,0,1,9.756,5.569,15.331,C
48,0,0,1,9.509,1.909,17.55,C
73,0,0,1,6.631,4.046,8.998,C
48,1,1,1,29.859,1.079,35.15,C
51,1,1,1,6.772,4.393,11.074,C
61,1,0,1,4.068,5.772,4.26,C
76,1,1,1,6.885,0.576,13.279,C
35,1,0,1,3.487,1.486,4.155,M
64,1,0,1,28.155,4.793,29.513,C
63,1,0,1,3.593,3.403,4.126,M
62,1,1,1,17.485,3.688,28.859,C
60,1,1,1,26.855,1.014,50.662,C
70,1,0,1,11.988,8.283,19.269,C
67,0,1,1,5.952,8.635,8.964,C
59,1,1,1,4.133,1.488,6.159,M
61,1,0,1,17.572,5.346,20.047,C
36,1,0,1,23.932,3.823,34.063,C
42,1,0,1,6.271,3.379,11.517,C
85,1,0,1,11.3,1.927,14.764,C
51,1,0,1,10.445,3.788,14.781,C
66,1,1,1,7.04,4.468,10.356,C
53,1,0,1,30.153,3.888,35.832,C
63,0,0,1,27.328,2.968,49.845,C
46,1,0,1,7.404,4.168,8.49,C
39,0,1,1,13.426,0.446,19.844,C
46,0,0,1,5.962,3.986,6.812,C
56,1,0,1,8.038,4.2,14.865,M
50,1,1,0,13.087,3.909,22.928,C
35,0,0,1,36.602,2.062,40.345,C
39,1,0,1,19.731,3.061,28.211,C
72,1,1,1,8.18,9.068,14.602,C
46,1,0,1,30.753,3.431,52.052,M
40,0,0,1,6.341,4.939,10.781,C
54,1,0,1,15.093,6.854,29.198,C
60,0,0,1,8.216,3.473,10.019,C
44,0,0,1,11.082,3.662,13.58,C
46,1,0,1,28.925,0.396,36.025,C
33,1,1,1,18.956,1.316,24.372,C
38,0,0,1,13.353,3.945,20.836,M
50,0,1,1,20.249,0.374,35.24,C
52,1,0,1,12.667,2.91,20.672,C
54,0,0,1,8.863,4.882,16.823,C
46,0,0,1,28.193,1.831,48.952,C
80,1,0,1,17.865,3.297,28.865,C
51,1,0,1,25.554,4.131,31.625,C
65,1,0,1,6.898,1.753,11.391,C
64,1,0,1,6.684,4.108,8.724,C
41,1,0,1,5.994,0.926,11.533,C
48,1,1,1,6.588,5.76,7.83,C
42,1,0,1,19.541,1.317,25.823,C
38,1,0,1,39.548,4.478,71.035,F
56,1,0,1,7.58,4.747,14.243,C
51,1,0,1,6.482,4.721,7.32,C
68,1,0,1,3.219,7.04,4.766,M
45,1,1,1,25.508,4.984,32.908,C
74,1,0,1,17.041,0.915,25.211,C
48,1,1,1,13.705,3.169,22.329,C
71,1,0,1,4.585,5.015,6.065,C
49,1,1,0,29.11,3.758,34.526,C
45,1,0,1,3.922,1.733,4.23,M
71,1,1,1,6.397,7.502,9.896,C
58,1,1,1,16.112,6.011,22.552,C
79,1,0,1,7.023,4.354,7.495,C
59,1,0,1,31.76,4.588,47.977,C
53,1,1,1,68.981,3.566,107.706,C
41,1,0,1,3.861,1.085,5.016,M
80,1,1,1,8.542,1.055,10.553,C
38,0,1,1,7.802,1.672,14.022,C
37,1,0,1,19.529,2.815,23.255,C
47,0,0,1,2.761,1.787,5.252,M
45,1,0,1,6.47,5.473,10.224,C
49,1,1,1,6.709,4.543,8.705,C
52,1,0,1,8.435,1.418,13.983,C
65,1,0,0,15.647,4.113,25.88,C
84,1,0,1,12.195,8.2,13.69,C
37,1,1,1,16.998,1.701,19.891,C
36,1,0,1,11.379,2.624,20.805,C
40,1,0,1,9.793,0.311,13.607,C
52,0,0,1,15.401,5.559,18.734,C
41,1,1,1,7.183,4.153,14.161,C
47,1,0,1,13.91,1.236,21.274,C
34,1,1,1,8.579,4.05,13.482,C
66,1,0,1,17.885,1.746,34.247,C
58,0,1,1,15.344,1.298,24.397,C
36,1,0,1,8.153,2.536,13.839,C
60,1,0,1,30.107,1.731,55.685,C
41,0,0,1,28.717,4.401,53.413,M
34,1,0,1,10.015,1.317,16.75,C
48,1,1,1,19.952,4.403,26.56,C
48,1,1,1,44.122,5.248,55.366,C
35,1,0,0,20.783,3.794,35.38,C
48,1,0,1,4.913,4.829,8.584,M
41,1,0,1,12.009,1.72,13.128,C
45,1,0,1,10.212,1.786,11.322,C
42,1,0,1,13.093,4.327,26.064,C
36,0,1,1,8.847,0.614,14.944,C
66,1,1,1,34.247,0.681,36.751,C
56,1,0,1,16.222,0.4,29.525,C
57,0,1,1,23.958,4.843,36.298,C
42,0,1,1,7.434,3.137,12.016,C
67,1,1,1,9.543,6.547,14.463,C
60,1,0,1,5.367,6.173,8.938,M
39,1,1,1,11.099,2.716,18.958,C
55,0,0,1,17.752,0.378,27.371,C
38,1,0,1,24.89,2.327,42.321,C
41,0,0,1,10.709,2.15,18.905,C
73,1,0,1,11.7,5.263,18.34,F
29,1,0,1,17.624,3.265,19.237,C
50,1,0,1,18.318,4.079,26.603,F
76,1,0,1,9.783,3.068,17.679,C
33,1,0,1,22.073,2.057,31.913,C
38,0,1,1,6.988,1.391,11.52,C
56,1,1,1,15.222,7.267,16.079,C
72,1,0,1,6.185,8.231,8.963,C
43,1,0,1,10.042,3.863,14.384,C
41,1,0,1,17.911,1.479,33.07,C
56,0,0,1,5.846,4.858,8.275,C
44,1,1,1,40.983,0.722,64.28,C
42,0,1,1,7.37,2.924,7.489,C
41,1,0,1,9.567,0.595,12.074,C
59,1,0,1,9.913,4.188,15.658,C
46,0,0,1,11.735,4.06,12.126,C
60,0,1,1,11.062,2.477,16.248,C
41,1,0,1,9.602,0.744,13.053,M
44,0,1,1,7.098,5.573,9.315,C
39,1,1,1,17.764,3.419,26.767,C
42,0,0,1,7.721,1.078,10.969,C
57,1,0,1,15.754,2.252,17.961,C
42,1,1,1,24.93,1.846,47.877,C
45,0,1,1,16.428,4.551,16.475,C
72,1,0,1,7.421,8.017,11.415,C
46,0,0,1,5.798,5.377,7.186,C
64,1,0,1,14.881,4.629,15.3,C
37,1,0,1,21.328,2.658,30.919,C
45,0,0,1,37.295,2.565,38.288,C
53,1,0,1,9.767,0.35,14.309,C
56,1,0,1,12.789,4.382,13.526,C
44,0,1,1,8.268,4.47,11.618,F
52,1,1,1,9.316,1.711,9.943,C
75,1,1,1,18.322,2.565,33.963,C
45,1,0,1,8.239,2.45,14.471,C
34,0,0,1,8.61,0.732,16.123,C
43,1,0,1,14.953,2.908,22.369,C
53,1,1,1,15.976,1.319,25.732,C
33,0,1,1,10.397,3.132,15.864,C
46,1,0,1,5.366,2.568,10.587,C
72,1,1,1,19.853,0.434,37.637,C
43,1,0,1,11.693,4.656,19.639,C
39,1,0,1,8.204,2.526,13.877,C
49,1,1,1,22.064,3.205,30.53,C
62,0,0,1,25.471,0.691,35.287,M
46,1,0,1,5.961,1.746,7.611,C
62,1,1,1,8.991,7.932,12.861,C
61,0,1,1,19.775,6.771,31.909,C
51,1,0,1,25.409,4.869,46.303,C
60,1,1,1,17.337,2.667,23.94,C
38,1,0,1,14.122,4.019,27.476,C
43,1,0,1,72.215,3.483,127.096,C
44,1,0,1,20.243,0.85,37.651,M
44,1,0,1,13.088,5.418,19.469,C
69,1,0,1,4.996,6.17,5.749,M
41,1,1,1,15.276,1.245,19.746,C
52,1,0,1,8.948,4.504,10.812,C
63,0,0,1,14.036,3.729,14.919,C
40,1,0,1,13.869,1.465,24.362,C
44,0,1,1,6.43,5.201,9.689,M
37,1,1,1,41.84,1.012,54.335,C
57,1,0,1,8.168,2.529,10.508,C
41,0,0,1,36.3,3.249,41.918,F
46,0,1,1,5.671,5.852,8.624,M
54,1,1,1,21.461,5.424,36.998,C
39,1,0,1,10.038,2.826,11.723,C
34,1,1,1,7.422,0.409,9.163,C
31,0,0,1,7.704,0.318,7.729,C
66,1,0,1,7.754,8.317,10.155,C
32,0,0,1,34.948,3.075,47.253,C
32,0,0,1,7.239,2.801,13.978,C
60,1,0,1,10.145,6.259,19.057,C
48,1,0,1,4.387,1.629,6.738,M
47,1,1,1,14.618,3.318,28.424,M
43,0,0,1,58.059,2.807,70.58,F
41,0,1,1,10.157,3.574,15.522,C
41,1,0,1,25.007,0.397,43.137,C
54,1,0,1,3.911,6.2,5.124,C
50,1,1,1,19.174,4.129,27.028,C
38,1,1,1,21.159,0.48,28.778,C
46,0,0,1,11.324,1.989,20.391,C
59,0,1,1,12.246,2.457,24.353,C
32,0,1,1,30.784,3.456,52.793,C
57,1,1,1,25.593,2.666,45.916,C
50,0,1,1,19.753,4.704,24.231,C
75,1,1,1,10.738,1.58,15.455,C
48,1,0,1,5.338,5.116,7.884,C
35,1,1,1,4.972,3.944,6.317,M
50,0,0,1,14.199,0.667,24.888,M
60,1,0,1,75.845,0.564,131.847,C
48,1,0,1,12.823,4.464,17.295,M
61,0,1,1,9.158,0.504,13.652,C
46,1,0,1,10.375,5.925,11.607,C
34,1,0,1,10.659,1.587,21.169,C
62,1,1,1,5.698,1.976,7.629,C
52,1,1,1,18.515,2.673,28.895,C
40,1,1,1,8.427,2.653,14.372,C
53,1,1,1,9.895,5.258,15.104,C
65,1,1,1,7.905,4.816,9.726,C
24,1,0,1,2.83,2.043,3.077,M
55,1,0,1,7.778,5.112,11.646,C
51,1,0,1,6.773,6.31,10.71,C
50,1,0,1,9.597,2.867,10.916,F
34,1,0,1,8.129,3.71,11.662,C
50,1,0,1,10.78,2.693,18.351,C
60,1,0,1,37.473,5.118,65.418,C
57,1,0,1,20.436,0.417,38.814,C
42,1,1,1,18.381,4.14,28.131,C
65,1,0,1,8.123,4.772,12.985,C
65,1,1,1,18.072,3.763,26.06,C
37,0,1,1,25.759,0.545,28.368,C
36,0,0,1,15.564,2.979,19.476,C
75,0,0,1,6.593,3.704,9.095,C
38,1,0,1,8.409,3.344,13.039,C
59,1,0,1,7.651,2.22,10.838,C
35,0,0,1,23.943,2.062,25.778,C
35,0,0,1,20.052,3.308,28.062,C
80,1,1,1,6.185,4.462,8.991,C
33,1,1,1,4.442,2.127,7.188,M
41,1,0,1,44.277,1.365,49.688,M
32,1,1,1,15.965,3.519,31.808,M
40,0,0,1,22.592,4.117,32.453,C
39,0,0,1,8.3,4.392,15.876,C
55,1,0,1,20.035,2.064,22.733,C
40,1,0,1,32.135,3.477,38.947,C
54,1,1,1,23.274,2.783,31.326,M
45,0,0,1,27.341,1.405,54.214,C
53,1,0,1,13.694,1.103,16.684,C
35,0,0,1,6.834,3.424,8.822,C
42,1,0,1,17.345,2.359,20.167,C
48,1,1,1,25.739,1.569,34.823,C
56,1,0,1,7.659,1,9.95,C
34,1,1,1,21.317,1.077,24.899,C
53,1,1,1,5.602,5.502,8.673,C
37,0,0,1,20.336,4.133,22.201,C
39,1,1,1,24.415,3.685,35.657,C
53,1,1,1,9.074,1.87,11.366,C
58,0,1,1,20.526,3.966,31.765,C
59,1,0,1,15.912,0.387,30.034,C
69,1,0,1,8.036,6.649,10.909,F
44,1,0,1,7.193,2.848,13.318,C
65,1,0,1,13.732,7.868,20.457,M
47,1,1,1,9.58,2.151,14.257,C
46,1,0,1,3.586,3.435,5.738,M
49,1,1,1,8.846,3.418,9.275,C
45,1,1,1,7.14,1.182,10.951,F
49,1,0,1,16.729,3.723,30.055,C
40,1,1,1,8.669,5.129,10.787,M
38,0,0,1,8.036,1.635,8.108,C
51,0,0,1,33.494,1.223,58.531,C
51,1,0,1,3.393,5.557,6.706,M
66,1,0,1,10.286,6.154,12.234,C
33,1,0,1,18.759,0.245,35.538,C
42,1,0,1,10.322,4.667,17.775,C
69,1,0,1,5.857,7.979,7.377,C
57,1,0,1,16.8,2.494,23.774,C
43,1,0,1,31.982,4.543,46.788,M
52,0,0,1,15.101,1.169,23.618,C
35,1,0,1,17.227,1.594,30.41,C
57,1,1,1,8.627,6.841,15.028,C
47,1,1,1,34.411,1.762,64.41,C
64,1,1,1,49.167,1.745,84.03,M
67,1,0,1,7.984,5.21,14.247,F
54,1,0,1,38.399,5.967,59.783,C
54,0,1,1,16.791,6.294,27.39,C
55,0,0,1,19.077,2.255,23.295,C
51,1,0,1,8.348,4.405,8.809,F
63,1,1,1,10.688,4.531,12.899,C
32,0,1,1,17.735,3.64,24.791,F
52,1,0,1,9.138,5.116,16.77,C
54,0,1,1,6.769,3.992,8.173,C
36,1,0,1,10.462,1.248,19.933,C
55,1,0,1,11.404,4.555,14.23,C
63,1,1,1,14.792,8.185,23.986,M
38,1,0,1,7.109,0.279,7.392,C
52,1,0,1,5.19,0.791,9.411,M
57,1,0,1,29.101,2.228,47.731,C
40,1,0,1,8.699,1.548,14.357,C
33,0,0,1,19.65,1.459,35.311,C
61,1,1,1,47.549,4.297,86.364,C
34,1,0,1,22.431,3.244,36.263,C
31,1,1,1,63.141,0.812,109.887,C
48,1,0,1,19.784,2,34.487,C
59,1,1,1,24.426,4.14,41.735,C
59,1,0,1,3.41,3.624,6.801,M
25,1,0,1,2.501,1.8,4.912,M
31,0,1,1,5.159,0.192,9.588,M
59,1,0,1,11.123,4.037,21.234,C
35,1,0,1,13.365,2.975,18.159,C
37,1,0,1,3.917,2.269,5.583,M
38,0,0,1,2.581,4.74,3.589,M
65,1,0,1,16.933,2.659,24.602,C
78,1,0,1,7.792,5.637,12.604,C
77,1,0,1,11.696,6.126,22.905,C
41,1,0,1,8.424,4.132,15.234,C
61,1,1,1,14.267,4.827,15.535,C
35,0,0,1,10.813,3.566,11.971,C
38,1,1,1,20.43,2.339,28.678,C
54,1,0,1,21.694,5.499,36.139,C
54,0,1,1,7.887,3.32,10.676,C
39,1,1,1,31.115,2.394,55.768,C
71,1,0,1,7.767,8.123,11.71,C
82,0,1,1,17.535,3.648,31.991,C
64,1,1,1,8.846,4.268,12.976,C
36,1,0,1,6.134,4.224,8.904,M
34,1,0,1,12.64,4.382,21.998,C
35,0,0,1,28.476,2.834,29.91,C
36,0,1,1,21.132,4.362,32.866,C
65,1,0,1,12.53,3.369,14.465,F
57,1,0,1,22.787,5.529,32.343,F
51,0,0,1,8.4,6.159,8.763,C
58,1,0,1,33.99,0.971,38.071,M
45,1,0,1,7.35,5.785,9.573,C
34,1,0,1,11.515,2.606,19.89,C
37,0,1,1,17.777,1.104,26.521,C
37,1,1,1,9.906,3.07,10.626,C
53,1,1,1,10.923,3.209,12.171,C
64,1,0,1,6.36,4.781,6.928,C
46,0,0,1,46.075,4.518,76.552,C
49,1,1,1,48.373,2.352,57.78,C
69,1,1,1,6.68,0.328,7.202,C
62,1,0,1,15.792,6.812,16.558,M
46,1,0,1,9.732,4.423,17.745,C
30,0,1,1,3.927,2.425,7.076,M
39,1,1,1,9.656,4.992,15.693,C
46,0,0,1,23.905,0.673,24.007,C
72,1,0,1,23.063,3.391,35.528,C
36,1,1,1,15.437,1.294,22.518,M
55,1,1,1,20.476,6.347,28.609,C
51,1,0,1,9.911,6.3,15.944,C
43,1,0,1,7.685,4.716,12.997,C
56,1,0,1,22.913,6.249,34.219,C
47,1,1,1,9.943,1.049,14.352,C
35,1,0,1,8.673,0.682,17.103,C
46,1,0,1,29.602,2.566,59.121,C
41,1,0,1,23.319,3.714,45.199,C
59,1,1,1,9.392,3.998,10.647,C
58,1,1,1,4.282,1.195,5.287,M
36,1,1,1,3.266,0.761,5.165,M
53,1,0,1,3.451,0.344,6.11,M
46,1,0,1,13.053,1.988,14.045,C
39,1,1,1,9.769,2.098,12.106,M
49,1,0,1,2.83,0.157,2.984,M
43,1,1,1,12.068,2.779,18.458,C
41,1,0,1,33.364,4.091,37.148,C
41,1,1,1,15.548,0.456,26.064,C
61,1,1,1,9.167,3.928,12.214,C
31,0,1,1,3.237,1.364,3.531,M
32,0,1,1,7.779,1.87,9.954,C
60,1,0,1,29.128,6.708,45.21,C
40,1,0,1,9.792,2.151,15.361,C
34,0,0,1,15.999,4.374,27.795,C
32,0,0,1,13.467,1.394,21.034,F
52,1,0,1,17.088,2.222,27.604,C
50,1,1,1,4.326,2.605,6.509,M
73,1,0,1,6.59,6.875,7.604,C
31,1,0,1,15.436,1.424,22.109,C
65,1,0,1,6.28,7.456,8.562,C
59,1,0,1,28.487,0.71,33.892,C
37,0,1,1,9.914,3.018,15.77,C
32,1,0,1,7.461,2.956,7.855,C
57,1,1,1,18.056,4.965,18.947,C
53,0,0,1,64.049,2.681,116.647,C
42,1,0,1,17.249,4.909,23.58,C
38,1,1,1,4.341,0.187,6.045,M
51,1,0,1,29.11,3.776,47.829,C
50,1,0,1,20.197,1.269,33.106,C
64,1,0,1,7.698,3.304,14.153,C
61,1,0,1,26.058,5.656,48.555,C
73,1,1,1,10.123,0.321,19.509,C
38,1,0,1,27.31,1.544,47.294,M
53,0,1,1,11.616,2.133,21.799,C
35,0,1,1,12.527,0.569,18.131,C
43,1,0,1,10.493,1.196,14.38,C
52,1,1,1,11.12,1.842,20.256,C
45,0,1,1,6.694,5.153,9.652,C
39,1,1,1,58.52,2.971,66.744,C
62,1,0,1,12.208,3.884,15.175,M
55,1,0,1,18.674,3.463,29.02,C
35,1,0,1,10.031,1.636,16.522,C
45,0,0,1,24.694,4.423,48.828,C
62,0,1,1,15.396,5.125,16.84,C
31,1,0,1,51.916,3.191,58.341,C
51,0,1,1,5.946,1.019,6.017,C
31,1,1,1,25.512,0.159,50.091,C
45,1,0,1,27.027,0.979,42.394,C
73,1,0,1,9.955,7.296,18.1,F
40,1,1,1,8.153,0.481,12.792,C
77,1,0,1,9.379,8.845,11.986,C
39,1,1,1,5.277,2.184,6.965,M
45,1,0,1,29.907,1.357,42.459,C
60,1,0,1,14.516,0.355,19.988,C
44,1,0,1,7.216,4.439,7.769,C
49,1,0,1,8.584,2.426,14.668,C
48,0,0,1,3.22,6.181,3.966,M
60,1,0,1,32.462,5.066,39.818,C
34,0,0,1,6.687,4.089,11.14,C
42,0,0,1,10.666,0.487,15.139,C
39,1,0,1,7.279,2.293,13.042,C
66,1,0,1,13.41,1.381,19.411,C
43,0,1,1,13.06,0.281,24.865,C
36,1,1,1,4.093,1.611,5.532,M
37,1,1,1,11.548,3.904,13.795,C
64,1,1,1,15.117,0.334,29.593,C
45,1,0,1,19.867,1.552,28.471,C
50,1,0,1,8.047,3.886,11.116,C
40,0,1,1,9.92,0.383,15.462,C
62,0,0,1,12.736,6.768,14.719,C
42,1,1,1,11.126,1.12,22.212,C
41,1,1,1,18.708,0.655,30.574,C
38,1,0,1,9.408,2.7,16.417,C
62,1,0,1,12.857,7.208,14.521,C
34,1,0,1,7.654,1.956,9.512,C
33,1,0,1,3.668,0.759,6.534,M
58,1,0,1,16.803,1.344,19.504,C
69,0,1,1,8.659,3.62,10.05,C
42,1,0,1,3.54,3.33,6.592,M
67,0,0,1,23.345,0.243,28.974,C
43,1,0,1,10.448,0.861,20.799,C
39,0,0,1,25.873,2.079,33.066,C
39,1,1,1,17.088,1.007,17.38,C
41,1,0,1,4.091,2.608,7.815,M
48,0,0,1,7.686,5.972,7.852,C
71,1,1,1,16.198,3.533,32.018,C
48,1,0,1,7.823,4.875,8.561,C
42,0,1,1,7.517,2.868,9.338,C
51,1,0,1,13.59,4.684,13.828,C
67,1,0,1,9.51,4.504,16.217,C
44,1,1,1,6.538,4.215,11.442,C
62,1,1,1,3.266,0.646,5.163,M
51,0,1,1,14.054,1.317,15.018,C
44,1,0,1,12.911,3.836,15.763,C
81,1,1,1,4.764,9.878,6.912,C
38,1,0,1,9.876,4.486,14.26,C
42,1,0,1,2.499,3.533,4.693,M
51,1,0,1,6.728,3.425,8.033,C
61,1,1,1,11.796,5.101,21.615,C
64,1,1,1,9.282,1.636,13.651,C
69,1,1,1,7.615,0.607,7.976,C
44,1,0,1,6.496,2.785,9.187,M
58,1,0,1,5.726,1.747,6.323,C
37,1,0,1,3.219,4.15,4.292,M
54,0,0,1,4.6,6.427,6.125,C
49,1,0,1,7.321,4.322,8.459,C
53,0,0,1,6.114,4.195,10.092,C
44,1,0,1,8.665,2.104,14.21,C
44,1,0,1,23.855,1.484,35.046,C
41,1,1,1,9.752,5.183,10.114,C
51,1,1,0,10.266,3.081,18.917,C
49,1,1,1,9.678,2.311,17.108,C
77,1,0,1,15.32,1.252,22.145,C
47,1,0,0,25.396,2.916,26.892,C
39,1,0,1,29.672,0.37,33.663,C
58,1,0,1,7.604,0.682,12.318,C
45,0,0,1,15.285,4.535,19.528,C
40,1,0,1,3.236,1.06,3.506,M
40,0,0,1,5.94,0.491,9.965,C
41,1,0,1,16.104,3.957,19.096,C
75,0,1,1,7.06,1.308,13.001,C
47,1,0,1,11.429,4.992,20.793,C
50,1,0,1,8.695,0.37,15.504,C
57,1,0,1,13.625,6.833,24.524,C
55,0,1,1,9.737,4.429,14.82,C
66,1,0,1,3.722,6.788,6.536,M
57,0,1,1,9.96,2.963,13.703,C
58,1,0,1,5.941,2.977,6.072,C
43,1,0,1,4.729,4.435,8.948,M
47,0,0,1,2.849,1.42,3.32,M
59,1,0,1,3.441,0.582,4.52,M
41,1,1,1,12.908,0.681,16.96,C
35,0,0,1,27.654,2.171,52.457,M
38,1,1,1,10.404,2.436,15.611,C
51,1,0,1,9.166,6.167,18.241,C
62,1,0,1,17.23,3.868,19.02,C
35,1,0,1,30.647,2.264,56.158,C
43,0,0,1,17.564,4.401,21.517,C
47,0,0,1,19.197,4.688,22.828,M
47,0,0,1,37.957,1.013,48.703,C
47,0,1,1,8.424,2.149,10.81,C
47,0,0,1,18.215,1.768,28.711,C
34,1,1,1,6.239,3.408,11.287,M
63,1,0,1,16.793,4.111,31.251,C
66,1,1,1,8.121,5.401,16.019,C
37,0,0,1,18.433,3.106,30.816,C
54,1,0,1,6.77,3.297,13.052,C
63,1,0,1,14.615,3.481,26.908,C
57,0,0,1,19.798,1.002,23.136,C
42,1,0,1,14.929,0.583,28.718,C
62,0,1,1,7.219,2.735,12.552,C
40,0,1,1,6.357,4.696,10.553,C
54,0,0,1,22.239,5.942,26.139,C
51,1,1,1,5.182,6.565,7.647,M
39,0,0,1,5.92,0.364,10.018,C
44,1,0,1,2.723,0.146,4.775,M
75,1,0,1,2.849,8.672,5.698,M
40,1,1,1,11.6,4.305,16.153,C
40,0,0,1,24.386,4.539,33.804,M
56,1,0,0,10.943,5.825,13.554,C
50,1,0,1,3.41,6.161,4.339,M
40,1,0,1,4.83,3.509,6.149,M
53,1,0,1,7.265,1.059,10.498,C
40,1,0,1,7.825,3.478,14.422,C
75,1,0,1,3.886,6.899,6.769,M
61,1,1,1,9.785,5.784,11.354,C
34,0,1,1,13.535,2.194,25.115,C
50,1,0,1,39.586,2.257,47.318,C
62,0,0,1,14.267,2.021,16.416,C
60,1,0,1,8.552,1.135,15.073,C
75,0,1,1,7.703,6.123,11.101,C
40,1,0,0,46.655,0.998,54.035,C
41,1,1,1,11.386,3.746,22.188,F
33,0,1,1,10.272,0.497,11.214,C
40,0,0,1,6.648,1.365,9.701,C
41,1,0,1,3.945,3.168,6.366,M
40,0,1,1,25.672,3.011,50.209,C
66,1,0,1,26.949,3.054,52.478,C
37,1,0,1,26.192,3.914,46.277,F
57,1,1,1,29.056,4.844,37.998,C
49,0,0,1,8.591,1.753,16.959,C
35,1,0,1,12.724,0.431,17.994,C
28,1,0,1,35.944,3.451,52.201,C
32,1,0,1,21.791,3.789,43.559,C
45,0,0,1,3.22,5.715,3.304,M
51,0,0,1,8.163,5.616,9.334,C
40,1,1,1,32.987,0.365,58.313,C
71,1,0,1,9.232,0.655,14.89,C
63,0,1,1,12.012,7.313,15.837,C
54,1,1,1,24.626,0.162,38.289,C
63,1,1,1,8.456,3.252,13.882,C
35,0,0,1,9.224,2.6,11.524,C
56,1,0,1,33.504,1.369,49.335,C
68,1,1,1,8.784,0.887,10.039,C
42,1,0,1,23.876,5.163,35.988,C
32,1,0,1,14.211,4.096,27.828,F
41,1,0,1,2.829,2.957,3.188,M
80,1,0,1,13.122,6.156,13.344,C
37,1,1,1,11.074,2.896,20.241,C
29,0,0,1,11.303,1.136,13.215,C
39,1,0,1,15.324,4.405,15.747,C
35,1,1,1,7.669,1.203,15.078,M
79,1,0,1,11.448,2.406,15.789,C
40,1,0,1,45.972,2.962,63.419,F
73,1,1,1,8.798,2.128,9.231,C
36,1,1,1,22.116,4.477,39.383,C
38,1,0,1,13.19,1.973,13.333,C
57,0,1,1,17.044,1.793,26.779,C
29,0,0,1,8.801,1.518,10.152,C
62,1,1,1,20.928,1.077,21.921,C
31,1,0,1,8.72,1.095,14.508,C
48,0,0,1,8.178,2.666,11.637,C
46,0,1,1,45.631,1.71,80.47,C
36,1,0,1,10.146,0.65,18.866,C
43,0,0,1,12.65,0.855,23.468,C
28,1,1,1,8.653,0.947,13.645,C
40,1,0,1,6.64,1.726,12.992,C
36,0,1,1,9.876,3.307,12.409,C
27,0,0,1,26.863,2.776,42.807,C
39,1,0,1,9.94,1.773,15.954,C
48,0,0,1,33.155,0.864,33.441,C
38,1,0,1,23.273,1.718,41.998,C
30,0,0,1,7.98,1.144,12.392,C
52,1,1,1,11.656,2.815,23.084,C
44,0,1,1,29.81,4.235,31.182,C
44,1,0,1,20.773,4.965,37.408,F
38,1,1,1,16.169,3.538,22.244,C
31,1,0,1,11.792,1.926,19.838,C
37,1,0,1,8.216,4.797,8.909,C
50,1,1,1,9.735,5.203,12.36,C
45,1,0,1,12.772,5.772,22.038,F
50,1,0,1,10.417,3.456,13.174,C
52,0,1,1,9.377,6.719,14.64,C
52,1,0,1,10.407,2.764,17.304,C
32,1,0,1,7.563,3.004,11.868,C
48,1,0,1,26.854,2.697,37.01,C
33,1,1,1,64.08,0.882,90.145,F
57,1,0,1,24.723,5.121,27.929,C
69,1,0,1,10.66,2.186,15.465,F
67,1,1,1,4.093,3.286,6.687,M
62,0,0,1,5.648,1.025,6.496,C
55,1,0,1,6.573,0.812,7.539,C
50,1,0,1,15.696,2.75,22.4,C
63,0,0,1,17.136,0.886,33.446,C
66,1,0,1,14.073,1.383,15.171,C
53,1,1,1,9.191,2.857,15.734,C
57,1,0,1,44.787,6.679,55.788,C
51,1,0,1,7.865,4.232,13.498,C
62,1,1,1,7.387,3.65,14.64,C
56,1,1,1,10.359,6.603,18.499,F
38,1,0,1,30.086,2.867,51.823,F
50,1,1,0,23.708,4.259,43.094,C
48,1,0,1,15.213,0.689,21.479,C
69,1,1,1,6.968,1.008,12.821,C
59,1,1,1,9.37,7.362,11.098,C
48,1,0,1,18.052,0.949,32.839,C
52,1,1,1,11.245,5.804,21.418,C
58,1,0,1,13.721,3.458,21.213,F
68,0,1,1,8.735,3.385,15.056,C
77,1,0,0,8.095,6.728,13.005,C
58,1,0,1,9.68,1.317,10.154,C
46,1,0,1,6.578,3.203,12.211,C
55,1,0,1,17.067,2.385,28.312,C
40,1,1,1,8.225,0.984,14.768,C
67,1,0,1,13.953,1.96,19.101,C
68,1,0,1,7.923,3.243,10.387,C
41,1,0,1,7.248,2.468,14.308,C
48,1,0,1,3.084,1.844,3.418,M
57,1,1,1,11.094,2.871,13.941,C
41,0,1,1,8.916,4.255,15.221,C
56,1,0,1,12.252,3.864,21.1,C
65,1,0,1,6.333,0.808,9.848,C
48,1,0,1,20.109,2.09,31.228,C
39,0,1,1,21.547,2.832,27.701,C
33,1,1,1,13.546,3.428,19.29,C
45,1,0,1,25.413,1.413,25.606,C
69,1,0,1,8.779,1.057,12.406,C
59,1,1,1,16.077,2.821,21.291,C
35,1,0,1,10.933,2.769,15.714,C
71,0,0,1,9.026,0.214,15.429,C
39,1,0,1,14.596,1.624,28.471,C
60,1,0,1,2.922,5.894,4.841,M
73,1,0,1,8.324,3.488,15.542,C
53,0,0,1,8.585,0.69,13.795,C
68,1,1,1,12.393,2.485,14.827,C
36,1,0,1,14.76,0.37,21.525,C
48,1,0,1,66.612,1.275,125.068,C
37,0,1,1,7.072,4.594,12.389,C
50,1,0,1,10.149,6.265,15.538,C
28,1,1,1,12.705,1.722,18.344,C
71,1,1,1,9.242,1.521,9.693,C
52,1,0,1,19.607,2.678,23.648,C
38,1,0,1,21.216,1.745,27.88,C
60,1,0,1,17.234,7.647,30.594,F
37,1,0,1,10.812,2.186,12.932,C
66,1,1,1,9.819,1.063,19.159,C
38,0,0,1,29.638,4.902,36.775,C
57,1,0,1,19.52,7.085,31.071,C
47,1,1,1,8.772,2.099,16.032,F
33,1,0,1,18.266,1.105,35.541,C
46,1,0,1,8.377,0.88,10.296,C
38,1,0,1,15.544,2.169,17.897,C
62,1,0,1,22.648,3.889,31.753,C
43,1,0,1,6.622,5.569,13.131,C
52,1,0,1,3.681,2.167,5.115,M
52,1,0,1,2.581,5.665,4.093,M
51,1,1,1,3.172,4.806,5.817,M
41,0,0,1,8.503,0.291,12.634,C
69,1,1,1,14.961,0.285,20.89,C
36,0,0,1,2.522,3.812,3.08,M
47,0,0,1,7.454,3.356,8.668,C
56,1,1,1,35.265,3.429,45.344,C
71,1,0,1,16.501,5.866,22.109,C
53,1,0,1,30.34,5.437,38.851,C
48,1,1,1,19.553,5.681,38.889,C
56,1,0,1,44.524,2.522,61.291,C
69,1,1,1,8.766,5.738,12.968,C
26,0,1,1,4.091,1.901,5.357,M
46,1,1,1,18.896,1.983,19.207,C
62,1,1,1,40.656,0.793,70.107,C
63,1,0,1,3.516,6.293,6.979,M
43,0,0,1,26.096,5.266,37.196,M
34,1,0,1,13.624,0.123,22.063,C
65,1,0,1,15.929,0.495,17.086,F
55,1,0,1,20.495,0.346,24.615,C
26,1,0,1,5.166,1.5,8.742,M
42,1,0,1,10.169,0.997,17.733,C
55,1,1,1,8.667,1.471,11.364,C
39,1,0,1,9.967,4.419,10.416,C
56,0,0,1,7.967,2.995,12.148,C
41,1,1,1,19.533,1.808,22.468,C
53,1,1,1,21.29,5.094,39.457,C
29,1,0,1,12.606,1.524,15.846,C
61,1,0,1,7.046,4.144,10.29,C
48,1,0,1,20.184,4.012,36.838,C
69,1,0,1,5.974,8.03,6.918,C
70,1,1,1,10.105,8.645,11.147,C
73,0,1,1,9.295,0.649,14.957,C
49,0,0,1,13.727,1.854,18.362,C
49,1,0,1,19.735,5.953,33.853,C
38,1,0,1,48.548,2.03,64.787,C
47,0,0,1,16.047,4.144,20.797,C
68,1,0,1,22.323,5.112,39.852,C
42,0,0,1,15.438,3.967,21.74,C
40,1,0,1,7.846,2.993,12.696,C
42,1,1,1,42.975,4.012,57.475,C
68,1,0,1,93.497,5.618,147.371,C
45,1,0,1,15.558,2.001,28.179,C
69,1,0,1,20.58,0.904,39.609,C
39,1,1,1,52.172,4.179,66.733,C
60,1,0,1,22.164,0.975,24.182,C
62,1,1,1,9.089,6.18,9.888,C
28,1,0,1,7.745,1.815,13.763,C
66,1,1,1,21.512,5.627,24.448,C
46,0,0,1,16.199,5.726,17.542,C
41,1,0,1,60.859,2.89,75.925,C
54,1,0,1,8.218,3.808,16.415,C
52,1,0,1,12.771,2.175,19.743,C
62,0,0,1,8.586,6.973,13.886,C
47,1,0,1,24.497,2.606,34.278,C
51,1,0,1,52.887,6.186,77.264,C
59,1,1,1,6.302,6.784,8.342,M
38,1,1,1,7.469,1.401,8.298,C
33,1,0,1,21.527,0.179,27.38,F
40,1,0,1,18.236,2.638,29.296,C
26,0,1,1,12.05,2.259,21.339,C
63,0,1,1,18.519,6.96,36.724,C
47,0,1,1,46.118,4.768,62.494,C
47,1,0,1,17.495,3.546,20.499,C
80,1,0,1,8.237,5.478,8.257,C
41,1,0,1,24.994,0.861,34.264,C
39,1,0,1,19.696,1.241,21.202,C
77,1,0,1,5.972,5.51,10.221,C
70,1,0,1,49.824,1.824,97.627,C
26,0,1,1,11.11,1.497,18.791,C
47,0,1,1,17.656,3.728,25.827,C
73,1,0,1,4.83,3.648,6.254,M
52,1,0,1,42.521,5.04,66.484,C
58,1,0,1,14.097,2.38,15.331,C
34,1,0,1,20.018,4.03,23.427,C
28,0,0,1,6.28,2.247,11.891,C
56,1,1,1,23.72,6.623,24.922,C
42,1,0,1,7.528,4.449,10.922,C
42,1,1,1,19.661,0.526,29.921,C
31,1,0,1,4.823,3.218,6.466,M
47,1,0,1,19.145,5.45,36.578,C
52,1,0,1,9.039,6.528,10.285,C
49,1,0,1,21.305,0.722,35.026,C
34,0,1,1,5.789,2.22,11.43,M
63,1,1,1,9.208,6.079,15.997,C
50,0,0,1,9.051,4.77,12.776,C
46,0,0,1,31.163,2.585,33.278,M
42,0,0,1,30.073,2.629,58.641,C
68,1,1,1,6.052,5.868,10.696,M
56,0,1,1,26.84,4.053,37.794,C
51,1,0,1,23.192,3.191,42.035,C
41,0,0,1,9.884,4.869,11.922,C
31,1,1,1,8.206,1.985,15.384,C
31,1,0,1,13.622,2.713,23.824,C
37,1,1,1,10.542,0.855,17.824,C
58,1,0,1,9.044,1.008,15.181,C
32,1,0,1,13.952,3.451,15.916,F
43,1,0,1,22.439,1.169,36.596,C
70,1,0,1,7.889,8.958,15.435,C
35,1,1,1,13.596,0.289,20.893,C
45,1,0,1,7.897,0.461,9.33,C
41,1,0,1,34.99,4.292,49.55,C
28,1,0,1,12.537,2.194,18.144,C
33,1,0,1,4.348,2.437,6.734,M
47,1,0,1,10.164,0.754,19.342,F
32,0,0,1,6.651,3.332,9.56,C
30,1,1,1,10.567,1.161,13.997,C
41,0,0,1,10.612,0.114,14.386,C
40,1,1,1,17.75,3.796,19.713,M
44,0,1,1,6.241,1.538,10.781,C
27,0,0,1,15.221,0.698,29.468,C
77,1,0,1,12.175,3.883,13.055,C
50,0,0,1,29.285,3.864,38.349,F
38,0,0,1,9.358,4.603,13.491,M
31,0,1,1,32.662,0.262,56.66,C
56,1,0,1,11.14,0.523,22.078,C
57,1,1,1,24.937,6.08,28.048,C
32,1,0,1,12.986,2.255,19.457,C
28,1,0,1,9.513,1.644,14.864,C
47,1,0,1,29.633,5.553,41.492,C
68,1,1,1,10.99,3.835,20.895,C
54,0,1,1,23.93,4.049,37.736,C
34,1,1,1,45.154,0.952,57.941,C
41,1,0,1,37.604,3.21,71.257,F
32,0,1,1,8.994,0.153,17.009,C
55,0,0,1,8.953,2.328,9.856,C
52,1,0,1,13.195,2.258,22.45,C
43,1,0,1,36.283,5.374,66.554,F
36,0,1,1,26.303,2.169,35.054,C
34,1,1,1,4.902,3.467,7.552,M
40,1,1,1,5.758,5.073,9.925,M
60,1,0,1,8.711,2.657,14.837,F
26,0,0,1,9.991,3.21,19.701,C
49,1,0,1,16.367,5.444,28.742,C
31,1,0,1,20.466,1.687,25.395,F
68,1,1,1,12.43,0.134,19.916,C
40,1,0,1,7.451,1.836,13.516,C
54,1,0,1,28.207,1.151,49.511,C
61,1,1,1,11.109,2.41,16.958,C
57,1,1,1,11.528,7.201,17.516,C
36,0,0,1,8.855,4.019,14.2,C
37,1,1,1,4.59,1.452,4.654,M
34,1,0,1,16.278,2.849,29.352,C
42,1,0,1,9.436,3.952,15.424,C
64,1,0,1,5.19,4.589,8.483,M
64,1,0,1,8.626,5.696,14.377,C
53,1,1,1,4.722,2.1,9.401,M
56,1,1,1,6.752,6.155,13.106,M
27,0,1,1,11.029,3.272,16.923,C
40,1,1,1,12.56,2.294,24.429,C
55,1,0,1,25.243,1.177,46.702,M
45,0,0,1,10.026,4.37,11.143,C
42,1,1,1,11.356,5.055,17.738,C
60,1,1,1,26.211,2.679,42.479,C
40,1,1,1,16.945,4.179,20.878,C
38,1,0,1,7.512,2.326,11.188,C
41,1,1,1,8.43,1.222,15.637,M
29,1,0,1,14.783,3.366,21.229,C
36,0,0,1,14.062,2.957,20.247,F
41,0,1,1,7.959,4.616,9.956,C
61,1,0,1,27.066,6.006,34.728,M
65,1,1,1,8.643,0.296,14.599,C
70,1,0,1,9.265,5.534,16.887,C
30,0,0,1,16.563,2.087,16.717,C
46,1,0,1,20.173,4.187,30.263,C
41,1,0,1,13.511,4.663,15.603,C
31,1,0,1,11.937,2.025,18.063,C
21,1,0,1,13.877,0.102,26.732,C
49,1,0,1,50.574,1.83,97.201,C
37,1,1,1,8.237,3.627,14.786,C
51,1,0,1,21.971,2.92,25.013,C
58,0,1,1,7.404,6.645,12.478,C
30,1,0,1,26.037,0.593,41.192,C
43,1,0,1,7.692,3.103,8.492,C
44,1,0,1,23.578,5.161,46.157,C
49,1,1,1,24.698,3.781,44.881,C
34,1,0,1,9.526,1.099,17.153,C
30,1,0,1,13.29,1.631,23.55,C
55,0,0,1,10.849,1.771,19.319,C
57,1,1,1,18.219,3.417,22.196,C
46,1,0,1,25.126,1.21,25.941,C
55,1,0,1,7.671,5.143,8.434,C
38,1,0,1,11.221,4.63,16.468,C
28,0,0,1,16.056,1.002,23.548,C
56,1,1,1,16.159,5.44,20.333,C
44,0,0,1,15.801,5.542,21.915,C
51,1,0,1,24.172,3.696,47.139,C
73,1,1,1,19.349,5.111,20.546,C
41,1,1,1,9.616,0.921,15.547,C
49,0,0,1,31.126,1.83,32.798,C
55,1,1,1,17.312,6.68,30.047,C
42,1,0,1,17.97,0.296,19.023,C
40,0,1,1,8.556,2.768,11.832,C
31,1,0,1,10.31,0.566,14.74,C
35,1,0,1,48.242,1.329,95.449,F
33,0,1,1,5.414,3.025,5.64,M
54,1,0,1,11.735,1.787,13.292,C
49,1,0,1,10.444,4.013,18.437,C
43,1,1,1,49.624,1.542,76.452,C
39,0,1,1,22.617,2.784,31.249,C
50,0,0,1,7.129,2.954,13.637,C
45,0,0,1,6.278,3.053,8.224,C
66,1,0,1,8.236,5.753,12.665,C
41,1,1,1,9.079,3.729,15.517,C
30,1,1,1,12.891,0.385,23.838,C
44,1,0,1,4.963,0.439,8.003,C
69,1,1,1,24.45,1.041,45.494,C
24,1,1,1,74.584,1.108,78.753,C
72,1,0,1,4.67,2.601,8.193,M
54,1,0,1,13.233,1.994,20.86,C
36,0,0,1,9.348,2.11,12.321,C
56,1,0,1,20.205,4.187,32.984,C
30,0,0,1,13.242,1.42,14.131,F
30,1,1,1,4.576,3.404,8.249,M
68,0,0,1,8.068,6.132,14.874,C
30,0,0,1,6.645,1.068,12.545,C
30,1,0,1,36.242,0.922,64.912,C
61,1,1,1,23.152,7.552,40.843,C
32,1,0,1,4.998,1.886,8.207,M
40,1,1,1,6.533,1.433,10.007,M
41,0,0,1,10.282,4.562,11.699,C
47,1,0,1,12.896,5.073,18.27,C
71,1,0,1,9.26,0.708,16.056,C
32,1,0,1,22.981,3.839,23.273,C
50,1,0,1,64.711,3.144,69.28,M
29,0,0,1,10.64,0.667,13.682,C
54,1,0,1,23.082,3.773,23.824,C
52,0,1,1,7.032,5.203,10.602,C
25,0,1,1,10.691,2.163,11.653,C
27,1,1,1,4.985,2.306,5.726,M
29,0,1,1,19.984,0.87,34.621,C
29,0,0,1,10.778,1.273,17.624,C
66,0,0,1,8.039,5.306,15.818,C
32,1,1,1,38.807,3.354,70.354,C
29,1,0,1,6.176,1.097,8.663,M
24,1,0,1,17.301,1.053,31.536,C
30,1,0,0,33.378,2.097,43.229,C
56,1,1,1,20.384,2.832,40.289,C
49,1,0,1,9.078,3.888,15.261,C
61,1,0,1,18.451,5.201,29.997,C
39,1,0,1,119.819,1.872,161.788,C
40,0,0,1,11.873,4.857,16.791,C
67,1,0,1,7.761,5.618,10.397,C
34,0,1,1,6.261,3.376,8.368,M
41,1,0,1,17.427,4.742,20.064,C
55,1,0,1,23.373,6.065,28.463,C
61,1,1,0,17.945,2.725,29.747,C
52,0,0,1,20.029,6.388,25.906,C
57,0,0,1,14.822,3.418,25.814,C
34,0,1,1,28.208,1.061,39.952,C
63,1,0,1,26.752,3.422,38.263,C
56,1,1,1,24.905,1.009,48.281,M
52,1,0,1,12.311,2.874,23.364,F
49,0,1,1,15.369,4.883,29.715,C
49,1,1,1,19.98,0.945,36.549,C
32,1,0,1,10.719,2.987,17.87,C
50,1,0,1,14.654,4.278,23.811,C
30,1,0,1,14.857,0.37,25.773,C
30,0,0,1,12.407,2.325,21.671,C
37,1,0,1,9.905,2.587,11.59,C
26,0,1,1,15.456,1.978,26.364,C
43,0,1,1,9.622,3.836,14.181,C
58,1,0,1,11.327,3.021,12.597,F
29,0,0,1,21.211,2.125,36.32,C
72,1,0,1,5.498,4.874,8.047,M
71,1,0,1,12.892,8.921,21.946,C
47,1,0,1,8.958,3.675,10.383,C
59,1,0,1,30.401,6.907,40.108,C
40,0,1,1,12.575,0.711,24.727,C
48,1,0,1,32.989,1.354,34.94,C
27,0,0,1,24.132,3.284,26.371,C
35,0,0,1,7.035,4.527,11.992,C
79,1,1,1,13.212,1.284,25.216,C
61,0,1,1,6.111,2.736,9.12,C
32,0,0,1,5.552,1.914,9.002,C
32,1,0,1,8.682,1.171,17.323,C
24,1,1,1,7.802,1.114,15.143,M
47,1,0,1,5.248,5.642,6.273,M
57,1,1,1,33.266,4.06,43.915,C
65,1,0,1,7.42,3.681,9.741,C
66,1,0,1,4.162,4.371,6.526,M
38,0,1,1,6.651,4.546,8.894,C
44,1,0,1,19.977,1.099,23.236,C
36,0,1,1,19.839,0.103,34.152,C
32,1,1,1,17.16,2.743,22.602,C
27,1,1,1,24.029,2.706,29.869,C
27,1,0,1,8.914,2.158,17.676,C
31,1,1,1,11.298,0.587,22.276,C
43,1,0,1,23.167,4.671,33.248,C
24,1,1,1,4.902,2.345,9.625,M
42,0,1,1,6.206,0.184,7.618,C
32,0,1,1,10.178,0.436,14.839,C
42,0,1,1,18.38,5.031,26.431,C
62,1,0,1,14.645,4.582,25.256,C
49,1,0,1,5.265,0.897,6.601,M
48,1,0,1,36.805,1.833,63.3,F
54,1,0,1,8.553,0.867,10.817,C
36,0,0,1,9.298,1.508,14.102,C
48,1,1,1,26.865,3.644,47.308,F
38,1,1,1,8.915,3.415,17.264,C
45,1,1,1,9.584,1.109,16.74,C
46,0,1,1,14.488,2.716,16.757,C
61,0,0,1,11.171,6.79,15.444,C
28,1,0,1,31.302,1.324,54.966,C
42,1,0,1,8.339,4.709,11.693,C
28,0,1,1,5.945,1.76,9.748,C
31,1,0,1,26.717,0.597,49.708,C
38,1,0,1,7.496,1.765,10.868,C
53,0,1,1,25.996,5.616,46.75,C
28,1,0,1,15.886,2.972,17.927,C
51,1,1,1,10.792,4.364,21.042,C
34,0,0,1,8.097,2.028,10.691,C
44,0,0,1,7.164,5.248,7.752,C
52,0,1,1,9.459,3.734,11.222,C
44,1,0,1,19.117,1.947,28.689,M
55,1,0,1,34.496,6.116,65.445,C
59,1,1,1,8.558,5.147,10.914,C
33,1,1,1,9.628,4.055,14.631,C
65,1,1,0,49.58,5.894,51.463,C
26,1,0,1,8.132,1.145,14.284,C
48,1,0,1,6.265,2.072,10.222,C
26,0,1,1,21.765,1.389,22.393,M
23,1,0,1,13.207,0.7,19.728,C
36,1,1,1,48.354,3.76,81.529,C
33,1,1,1,6.508,1.449,11.28,M
44,0,0,1,9.141,3.725,11.641,C
29,1,1,1,9.783,2.557,10.302,C
47,0,0,1,27.852,1.918,38.815,C
38,1,1,1,45.331,4.391,78.653,C
50,1,1,1,9.736,3.383,13.996,C
55,1,0,1,20.021,0.601,23.556,C
27,1,0,1,32.928,2.374,53.16,C
54,1,0,1,17.08,5.535,30.404,C
47,0,0,1,20.011,5.233,23.814,C
19,1,1,1,4.943,1.032,7.242,F
43,1,1,1,10.752,3.547,17.086,F
39,1,1,1,27.368,0.867,41.42,C
32,0,0,1,7.177,2.234,14.112,M
36,1,0,1,8.719,1.435,14.736,F
44,1,1,1,14.409,3.27,19.843,C
41,1,0,1,19.513,1.856,32.378,C
28,1,0,1,9.287,0.334,11.652,C
49,1,1,1,10.055,5.889,16.125,C
37,1,0,1,8.641,2.811,8.678,C
58,1,0,1,11.551,0.662,22.4,C
30,1,0,1,4.912,0.608,7.779,C
45,1,1,1,13.264,4.683,15.317,C
53,1,0,1,11.014,5.456,12.537,C
40,1,0,1,7.189,4.237,11.739,C
37,1,0,1,11.383,1.039,13.192,C
35,1,0,1,14.61,3.671,27.192,C
26,0,0,1,15.428,2.967,26.933,C
44,0,0,1,10.092,0.327,13.027,C
34,0,0,1,6.382,1.036,9.255,C
32,1,0,1,9.452,0.78,12.595,C
56,1,1,1,8.189,2.331,12.98,C
37,1,1,1,11.877,3.979,12.839,C
38,0,1,1,18.789,0.817,26.78,C
30,1,0,1,15.146,1.636,29.599,C
48,1,1,1,9.921,5.69,17.468,C
35,1,0,1,10.077,0.158,19.769,C
45,0,0,1,49.306,5.522,78.92,F
23,1,0,1,22.487,2.031,43.107,C
34,0,0,1,13.111,0.643,24.95,C
52,1,0,1,5.904,2.707,8.233,M
40,1,0,1,14.805,3.131,26.825,C
47,1,0,1,5.989,2.038,9.971,M
29,0,1,1,9.805,2.688,15.202,C
41,1,0,1,12.295,4.8,18.432,C
31,0,0,1,8.959,3.932,11.335,C
47,1,0,1,14.558,1.025,19.679,C
28,1,0,1,4.877,0.178,8.503,M
39,0,0,1,17.082,4.312,21.558,C
49,0,1,1,9.819,2.633,18.346,C
35,1,0,1,15.132,4.499,26.557,C
60,1,0,1,40.732,1.934,73.11,C
29,0,0,1,10.365,1.135,19.406,C
46,1,0,1,10.308,2.238,10.766,C
75,1,1,1,10.887,7.009,15.381,C
32,1,0,1,7.838,3.445,15.62,C
64,1,0,1,8.214,3.858,15.083,C
34,0,0,1,11.454,3.451,13.063,C
81,1,0,1,19.684,7.99,38.804,C
29,1,1,1,17.965,0.693,25.249,C
26,0,0,1,14.085,0.35,19.574,C
60,1,0,1,8.037,2.778,8.726,C
32,1,0,1,12.9,1.145,19.807,C
71,1,0,1,9.656,2.422,12.516,C
55,0,0,1,20.705,3.541,31.473,C
51,1,0,1,21.949,4.652,25.391,C
31,1,1,1,10.625,1.265,12.942,C
64,1,0,1,9.256,1.439,12.157,C
38,0,0,1,9.899,2.718,18.881,C
57,1,0,1,4.387,2.939,7.552,M
47,1,0,1,3.96,1.052,6.768,C
44,0,1,1,56.643,2.127,59.805,C
45,1,0,1,8.756,0.165,10.681,C
41,0,1,1,12.416,4.562,16.068,C
39,1,1,1,25.053,1.233,45.97,C
67,1,0,1,72.586,3.914,104.962,F
38,1,0,1,14.075,2.866,25.147,C
49,1,0,1,34.827,4.185,56.477,C
37,1,0,1,26.332,2.593,49.725,C
31,1,1,1,48.302,3.271,58.84,C
35,1,0,1,7.81,4.27,13.98,C
49,0,0,1,10.243,2.377,16.944,C
33,0,0,1,9.782,2.996,16.846,C
33,1,0,1,10.896,1.912,12.721,C
27,1,0,1,14.619,3.309,24.762,C
65,1,0,1,6.509,1.055,10.567,C
30,0,0,1,5.241,2.217,5.83,C
47,1,1,1,13.501,3.927,16.172,C
32,0,0,1,7.641,2.441,9.259,M
24,1,0,1,15.881,0.947,23.773,C
46,0,1,1,14.281,0.833,26.072,C
46,0,0,1,55.839,1.047,66.396,F
28,0,0,1,8.463,3.541,15.833,C
30,1,0,1,7.546,3.077,10.444,C
31,1,0,1,12.533,1.115,21.063,C
44,0,1,1,7.05,2.331,11.393,M
71,1,0,1,9.315,7.64,10.752,F
38,1,0,1,9.157,2.408,17.77,C
57,0,0,1,20.552,2.956,28.686,C
28,0,1,1,6.745,0.746,12.292,M
36,1,1,1,29.505,2.592,43.881,C
35,1,0,1,12.318,3.962,18.035,C
39,1,0,1,14.277,3.093,20.381,C
46,0,0,1,14.705,0.565,27.63,C
35,0,1,1,13.036,2.791,20.933,C
45,0,0,1,28.968,3.161,32.6,C
39,1,0,1,8.862,1.196,17.522,C
32,1,0,1,12.491,3.622,18.187,C
38,1,0,1,6.864,1.275,9.597,C
48,1,0,1,39.153,1.102,53.919,C
35,1,0,1,14.569,2.099,23.955,C
69,1,0,1,10.627,4.886,13.682,C
37,1,1,1,5.556,3.082,9.525,M
28,1,0,1,28.446,2.754,33.895,C
27,0,0,1,10.195,2.985,17.897,C
49,0,0,1,11.458,4.568,22.854,C
46,1,1,1,14.098,0.304,18.761,C
34,0,1,1,7.238,1.028,11.066,C
27,0,0,1,13.884,2.745,20.502,C
52,0,0,1,21.943,0.384,25.327,C
56,1,0,1,8.629,6.212,12.73,C
33,1,1,1,9.711,0.86,18.519,C
34,0,0,1,12.379,3.644,22.477,C
35,1,0,1,11.09,2.436,17.942,C
27,1,0,1,40.565,3.431,76.498,C
27,1,0,1,14.824,3.13,17.409,C
26,1,0,1,28.459,0.664,50.992,C
38,0,1,1,10.456,2.944,13.93,C
24,0,0,1,12.407,1.937,21.439,C
23,1,1,1,26.345,2.131,48.112,C
47,1,0,1,9.928,3.328,13.878,F
62,1,1,1,8.966,6.915,12.965,C
31,1,0,1,11.346,3.533,14.527,C
43,0,0,1,41.357,4.252,80.485,C
40,1,0,1,31.479,2.621,45.665,C
61,0,0,1,13.517,2.423,14.138,C
54,1,1,1,10.755,5.512,11.973,C
45,0,0,1,25.584,2.992,40.641,C
52,0,0,1,21.599,3.537,36.757,C
71,1,0,1,38.589,3.039,73.925,C
26,0,0,1,16.097,0.497,25.948,C
42,1,0,1,7.446,0.313,8.954,C
62,1,1,1,12.446,1.425,23.016,C
23,1,0,1,42.791,2.819,59.143,C
55,1,1,1,10.647,2.137,17.79,C
76,1,0,1,8.414,9.142,14.808,C
27,1,0,1,5.421,1.898,6.222,M
40,0,1,1,10.126,1.241,14.742,C
48,1,1,1,13.133,0.709,22.252,C
62,1,1,1,34.004,5.524,54.444,C
56,0,1,1,36.161,3.567,65.888,C
45,1,1,1,8.973,2.342,12.144,C
27,1,0,1,8.974,0.703,13.432,C
61,0,0,1,14.97,3.081,16.853,C
31,1,0,1,11.085,0.437,22.154,C
23,0,0,1,17.12,0.415,19.878,C
44,1,1,1,19.314,0.395,31.602,C
45,1,1,1,22.137,1.464,36.277,C
64,1,1,1,7.602,5.892,13.228,C
24,1,1,1,14.376,1.007,25.716,C
24,0,0,1,11.581,2.963,20.756,C
50,1,0,1,12.343,3.505,15.76,C
39,0,0,1,21.778,2.231,32.747,C
43,1,1,1,16.461,0.352,24.403,C
60,0,0,1,8.743,5.699,15.017,C
34,0,0,1,8.882,2.439,11.903,C
34,1,1,1,11.824,3.315,18.614,M
35,0,1,1,9.373,2.403,14.403,C
46,1,0,1,5.645,5.764,9.235,M
73,1,0,1,12.515,9.332,22.98,C
30,0,0,1,36.327,1.603,54.9,C
35,0,1,1,7.777,1.005,12.995,C
26,1,0,1,15.72,1.278,30.755,C
22,1,0,1,26.34,2.457,51.207,C
51,0,0,1,10.392,1.23,11.368,C
38,1,1,1,13.382,2.904,21.887,F
34,1,0,1,61.803,3.484,74.908,C
67,1,0,1,6.254,1.557,10.539,M
24,0,0,1,20.341,0.177,23.638,C
69,1,1,1,9.2,1.778,17.739,C
28,0,0,1,16.271,0.66,29.361,C
69,1,0,1,16.826,4.227,19.071,C
28,1,0,1,17.598,2.332,20.939,C
55,0,0,1,8.764,2.714,11.899,C
57,1,0,1,9.281,3.584,14.031,C
54,0,0,1,7.229,1.665,12.368,C
28,0,0,1,10.16,1.138,11.154,C
73,1,1,1,9.927,0.676,10.167,C
40,0,0,1,17.6,4.606,31.096,C
28,1,0,1,16.611,3.187,20.192,C
45,0,1,1,22.265,0.188,34.591,C
61,1,1,1,6.34,3.824,8.728,M
46,0,1,1,46.012,2.98,87.643,C
42,1,0,1,12.003,0.108,12.732,C
44,1,0,1,24.462,1.734,36.782,C
16,1,0,1,13.92,1.797,21.817,M
24,1,1,1,13.588,1.435,26.754,C
29,1,0,1,13.585,0.448,23.915,C
30,0,0,1,5.702,3.838,7.782,M
27,1,1,1,23.666,2.679,31.434,C
60,1,0,1,12.818,2.079,23.568,C
44,1,0,1,15.492,2.739,28.641,C
48,1,0,1,17.741,1.086,30.262,C
24,0,1,1,39.656,0.464,40.654,C
67,1,1,1,8.405,5.521,10.086,C
27,1,1,1,10.234,0.835,15.082,M
28,1,1,1,15.497,0.841,17.517,C
42,1,0,1,23.872,3.718,32.583,C
60,1,0,1,11.518,5.924,16.065,C
38,1,1,1,13.235,3.806,17.649,C
55,1,1,1,18.943,6.168,25.341,M
34,0,1,1,30.227,0.424,32.411,C
53,1,0,1,5.094,6.245,9.862,M
26,1,1,1,16.952,1.114,23.169,C
37,1,1,1,8.463,3.972,10.212,C
61,1,0,1,12.062,2.882,15.198,C
41,1,0,1,14.04,3.654,14.345,C
43,1,0,1,8.237,2.942,13.963,C
27,1,1,1,17.643,2.77,28.361,C
52,0,1,1,15.61,6.401,20.629,C
33,0,0,1,9.888,0.3,14.352,C
47,1,1,1,25.95,3.828,50.454,C
27,0,0,1,39.611,0.587,46.409,C
36,1,0,1,7.277,2.676,10.213,C
32,1,0,1,17.207,1.358,28.984,C
30,0,0,1,31.6,3.415,35.574,C
24,1,0,1,30.998,0.153,46.385,C
37,0,1,1,10.826,0.828,17.423,C
41,1,0,1,15.539,1.141,28.231,C
38,1,0,1,49.413,2.37,63.61,C
63,1,1,1,25.182,6.863,31.602,C
23,1,1,1,7.159,2.099,13.155,M
37,0,0,1,10.43,0.226,19.409,C
23,1,0,1,25.418,1.163,30.465,C
23,0,0,1,15.032,0.701,16.894,C
59,0,0,1,7.268,3.584,9.011,C
29,0,0,1,8.726,2.41,11.143,C
26,0,0,1,5.828,3.205,9.967,M
50,1,0,1,42.743,0.188,80.379,M
23,1,0,1,16.577,1.097,31.947,C
37,1,1,1,11.687,1.749,21.622,C
55,0,1,1,14.732,3.49,26.176,C
26,1,0,1,32.366,3.364,45.911,C
49,0,0,1,14.821,0.596,25.58,C
38,1,0,1,8.833,2.14,9.919,C
31,1,0,1,9.656,0.316,13.92,F
47,0,1,1,16.462,3.205,29.017,C
52,0,0,1,45.525,4.307,57.308,C
30,0,0,1,40.918,1.954,76.355,C
29,1,0,1,33.397,2.145,56.019,C
24,1,0,1,24.408,1.895,34.687,C
48,1,1,1,29.503,2.953,42.483,C
42,0,1,1,11.705,1.108,20.926,C
46,1,0,1,12.22,2.235,13.694,C
44,1,0,1,9.785,1.884,13.257,C
26,0,0,1,11.064,1.223,16.323,C
33,0,0,1,8.538,1.314,14.591,C
47,1,1,1,7.065,5.451,10.801,C
23,1,0,1,8.347,0.975,15.865,C
36,1,0,1,9.56,2.726,16.486,C
23,1,0,1,41.818,0.473,46.985,C
25,0,0,1,21.89,3.137,21.932,C
79,1,1,1,7.067,7.07,9.55,M
32,1,0,1,12.157,3.874,22.969,C
26,0,0,1,12.18,3.076,13.288,C
34,1,0,1,5.633,0.736,5.994,M
32,1,0,1,14.705,4.146,21.61,M
30,1,0,1,14.516,0.733,18.789,M
34,1,0,1,36.419,2.238,44.932,C
54,1,0,1,40.023,4.007,69.417,C
45,0,1,1,20.076,4.128,34.917,C
25,0,1,1,45.062,1.389,79.239,C
24,0,0,1,18.901,1.931,28.138,C
34,1,1,1,16.914,0.945,23.371,C
44,0,1,1,15.671,2.271,16.742,C
23,1,0,1,20.431,2.829,39.62,C
26,1,0,1,12.979,0.979,15.739,C
32,1,0,0,219.995,1.499,312.365,C
26,1,0,1,12.174,2.522,13.544,C
75,1,0,1,9.446,1.414,18.011,C
31,1,1,1,25.867,1.278,28.562,C
46,0,1,1,35.015,1.02,39.312,C
33,1,0,1,28.965,0.535,49.235,C
42,1,1,1,35.651,1.399,48.233,C
62,0,0,1,20.717,6.13,32.249,C
38,1,0,1,41.125,1.171,53.088,F
45,1,0,1,14.269,4.701,26.743,M
58,1,1,1,18.819,6.279,19.874,C
26,1,0,1,30.089,0.867,53.373,C
27,1,0,1,9.197,1.333,15.755,C
29,1,1,1,11.278,0.634,20.644,C
37,1,0,1,20.399,1.214,25.965,C
38,1,1,1,26.837,2.062,37.395,C
33,1,0,1,17.681,3.345,34.932,C
63,1,0,1,26.704,6.936,35.029,C
32,0,1,1,9.576,3.587,15.255,C
45,1,0,1,39.435,0.848,70.189,C
40,1,1,1,12.074,1.43,22.189,C
41,1,0,1,9.755,3.027,13.442,C
48,1,0,1,10.097,5.253,18.673,C
39,0,0,1,7.956,2.156,11.047,F
25,1,0,1,25.136,0.517,40.19,C
25,0,0,1,15.768,1.068,29.847,C
29,1,1,1,31.426,0.574,61.525,C
43,0,0,1,13.441,4.001,19.336,C
58,1,1,1,15.902,5.722,29.655,C
46,1,1,1,13.657,4.567,13.816,C
65,1,0,1,6,8.09,11.983,M
60,1,0,1,9.583,1.098,16.985,C
30,0,0,1,14.891,0.826,18.691,C
32,0,0,1,28.196,0.157,49.097,C
56,1,0,1,10.797,3.366,16.889,C
66,1,0,1,8.322,5.467,11.875,C
32,0,0,1,28.771,0.517,54.379,C
28,1,0,1,13.496,3.535,14.042,C
28,0,0,1,8.077,2.968,14.755,C
32,0,1,1,22.845,1.719,30.141,C
41,1,0,1,7.867,1.465,8.919,C
46,1,0,1,42.568,1.073,69.32,C
25,0,0,1,36.437,3.134,54.987,C
35,0,1,1,9.366,2.616,14.437,F
27,0,0,1,7.641,2.201,9.188,M
45,0,1,1,28.459,3.955,31.133,C
25,1,0,1,28.142,0.842,48.257,C
23,1,1,1,39.455,2.406,75.574,C
42,1,1,1,14.14,2.732,21.398,C
35,0,0,1,9.35,1.096,13.993,C
26,1,0,1,19.133,2.68,23.121,F
52,1,1,1,21.915,0.155,22.772,C
39,1,0,1,10.7,2.204,11.611,M
29,0,0,1,24.324,1.735,24.474,C
66,1,1,1,7.422,7.769,14.106,C
37,0,0,1,16.216,3.131,20.331,C
55,0,0,1,17.911,6.767,27.095,C
23,0,0,1,19.13,2.437,31.645,C
36,1,1,1,48.207,4.338,80.831,C
43,0,0,1,23.032,0.449,33.562,C
49,0,0,1,8.855,4.643,11.231,C
45,1,1,1,40.913,5.617,52.883,C
21,1,0,1,18.098,2.303,35.175,C
30,0,1,1,16.231,3.02,30.357,C
45,0,1,1,5.656,5.161,7.267,M
51,1,1,1,14.585,6.336,24.745,C
37,1,0,1,37.589,2.605,61.037,F
25,0,1,1,19.879,2.065,38.753,C
29,1,1,1,14.43,1.336,18.478,C
53,1,0,1,14.648,2.944,22.909,C
62,1,0,1,22.223,3.5,33.776,C
67,1,1,1,6.21,3.543,9.811,C
44,1,0,1,8.147,4.391,15.223,C
36,1,0,1,14.402,2.65,15.973,C
51,0,1,1,10.136,3.16,15.505,C
73,1,1,1,8.941,5.086,11.333,C
31,0,0,1,7.041,0.717,9.875,C
60,1,0,1,13.101,3.086,18.469,C
42,1,0,1,8.873,1.729,10.233,F
48,1,1,1,13.164,3.916,17.399,C
49,1,0,1,18.039,0.856,34.224,C
21,1,0,1,26.599,1.615,36.737,C
47,1,1,1,20.27,4.801,24.175,C
22,1,0,1,44.833,1.14,83.95,M
24,0,0,1,7.641,0.196,12.208,M
39,1,1,1,10.051,1.973,17.757,C
32,1,1,1,11.657,1.654,13.297,C
47,1,0,1,30.952,3.81,42.743,C
34,1,0,1,16.967,1.661,31.185,C
32,1,1,1,24.278,1.805,32.425,C
35,1,0,0,20.979,2.967,25.114,C
40,1,0,1,9.565,2.841,17.34,M
24,1,1,1,20.343,0.276,27.251,C
57,1,0,1,20.122,4.884,36.324,C
26,1,0,1,35.144,0.301,39.997,C
25,1,1,1,6.218,1.278,8.649,M
40,0,1,1,35.058,2.544,39.219,C
41,1,0,1,8.927,2.773,10.462,C
48,0,0,1,23.394,0.729,24.332,C
64,1,0,1,11.225,1.102,16.775,C
33,0,1,1,8.711,1.668,12.803,C
39,1,1,1,5.885,0.641,6.671,M
35,0,0,1,14.784,3.031,29.512,C
63,1,0,1,13.698,3.234,19.402,C
26,1,0,1,7.699,2.295,8.092,F
31,1,0,1,33.554,2.283,63.697,C
23,1,0,1,11.076,2.185,13.278,C
37,1,0,1,14.67,0.935,25.262,M
30,0,0,1,10.308,3.199,13.459,C
51,1,0,1,12.289,0.542,13.456,C
32,0,1,1,13.229,3.375,19.37,C
39,1,0,0,25.619,3.555,50.501,C
19,1,0,1,23.377,1.111,25.77,C
52,1,1,1,19.441,5.659,29.896,C
25,0,0,1,6.249,1.599,8.73,M
38,0,1,1,20.403,4.675,27.241,C
33,1,0,1,13.353,0.256,15.714,C
45,1,0,1,17.032,0.226,27.287,M
28,1,0,1,18.913,1.83,20.545,M
64,1,0,1,14.911,3.863,26.347,C
28,1,0,1,19.107,2.309,36.122,C
27,1,1,1,6.49,2.105,10.916,M
77,1,0,1,16.788,9.675,25.937,C
43,1,0,1,11.769,0.967,12.008,C
28,0,0,1,6.218,3.019,10.963,M
21,0,0,1,16.296,0.444,17.873,C
39,1,0,1,26.835,0.786,44.088,C
45,1,1,1,13.296,1.297,23.629,M
42,1,1,1,12.23,4.105,20.053,C
54,1,0,1,8.733,1.121,9.529,C
71,1,1,1,15.44,6.483,27.057,C
35,0,0,0,27.432,1.874,30.986,F
45,1,0,1,19.127,0.13,19.186,C
35,1,0,1,20.817,4.331,29.344,C
41,1,0,1,20.582,5.028,25.906,C
29,0,0,1,12.346,0.286,24.652,C
25,0,0,1,6.749,0.589,8.131,M
47,1,1,1,17.882,3.73,20.802,C
42,1,0,1,34.651,0.399,67.878,C
27,1,1,1,11.942,2.108,14.09,C
23,0,0,1,20.06,1.766,34.706,C
22,1,0,1,12.757,0.928,13.339,M
31,0,1,1,23.681,0.798,38.934,C
53,0,0,1,8.726,4.359,9.394,C
49,1,0,1,7.441,4.728,9.108,C
42,0,0,1,15.668,4.481,17.957,C
24,1,0,1,15.438,0.266,26.861,C
32,1,1,1,9.538,2.177,11.971,C
44,0,1,1,28.033,4.957,34.003,C
67,1,0,1,6.758,5.336,11.551,M
36,1,0,1,12.444,2.478,17.844,C
60,1,0,1,6.801,3.723,8.581,C
52,1,1,1,11.101,6.124,13.861,C
54,1,0,1,16.035,3.283,25.583,C
34,1,0,1,49.262,1.093,84.69,F
29,1,0,1,15.777,2.846,21.825,C
27,1,0,1,27.905,1.143,36.348,C
24,1,0,1,40.945,2.59,67.006,F
57,0,0,1,7.147,5.086,7.29,C
19,1,0,1,29.316,0.825,51.206,C
54,1,1,1,44.464,6.477,66.516,C
42,1,0,1,18.069,3.017,29.242,C
45,0,1,1,14.053,5.375,16.44,C
47,1,0,1,12.591,1.941,18.798,C
53,1,0,1,18.869,3.85,37.605,C
24,1,0,1,28.942,1.364,32.525,C
32,1,0,1,52.148,0.409,59.9,C
66,1,1,1,18.14,4.742,20.278,C
43,1,1,1,10.955,0.42,11.299,M
29,0,0,1,13.629,2.193,22.985,C
24,1,0,1,43.852,1.845,62.839,C
29,0,0,1,8.926,2.289,10.965,C
69,1,0,1,8.13,2.452,13.212,C
60,1,0,1,5.988,3.46,9.098,M
44,1,0,1,9.781,1.733,13.903,C
39,1,1,1,25.244,2.895,48.617,C
45,1,1,1,32.293,5.53,41.109,C
43,1,0,1,5.78,4.015,6.579,C
63,1,0,1,13.405,2.183,20.297,C
55,1,0,1,22.854,4.754,40.567,C
47,0,1,1,46.639,3.587,67.348,C
64,1,0,1,9.056,0.482,17.065,C
47,1,1,1,66.172,4.47,125.854,C
57,1,0,1,16.477,5.623,21.005,F
29,0,0,1,10.379,1.591,11.946,C
36,1,0,1,33.059,0.421,42.898,C
34,1,1,1,24.836,1.251,28.905,C
62,1,0,1,6.597,6.805,8.924,C
42,0,1,1,7.607,3.634,14.4,C
18,1,0,0,10.505,0.675,18.05,C
28,1,0,1,8.805,1.916,14.254,C
28,0,0,1,17.155,3.634,20.151,C
34,1,1,1,25.681,3.305,40.188,C
57,1,0,1,6.758,7.186,7.484,M
34,1,1,1,14.843,4.147,22.841,C
39,0,1,1,8.87,3.99,9.617,C
53,1,1,1,19.574,3.165,38.483,M
48,1,0,1,9.866,0.277,18.634,C
33,0,0,1,20.021,2.373,29.072,C
20,1,1,1,37.07,1.336,72.903,C
42,1,0,1,14.562,4.075,16.899,C
27,1,1,1,24.635,0.349,35.397,C
56,0,1,1,18.977,7.229,29.014,C
23,1,0,1,24.286,2.514,44.122,C
71,1,0,1,11.298,7.786,21.757,C
66,1,1,1,18.396,8.101,35.326,C
32,1,1,1,20.566,0.538,30.518,C
64,1,0,1,18.019,7.871,21.443,C
29,1,0,1,7.058,1.782,10.799,M
83,1,1,1,10.634,1.374,11.904,C
48,1,0,1,12.883,5.916,23.543,C
45,1,1,1,8.989,5.256,12.665,C
38,1,1,1,9.524,0.483,14.889,C
32,1,0,1,6.517,0.678,7.219,C
66,1,0,1,32.471,0.824,50.538,C
54,0,0,1,12.957,2.703,19.038,C
47,0,1,1,11.139,1.078,11.908,F
78,1,0,1,20.171,7.703,37.596,C
38,1,0,1,39.869,4.486,61.365,C
34,0,0,1,12.665,0.108,19.225,C
39,1,0,1,11.053,2.665,15.664,C
18,1,1,1,17.263,0.698,27.07,M
25,1,1,1,7.198,0.361,9.443,M
24,1,0,1,46.712,0.749,57.409,C
26,1,0,1,35.387,1.017,47.814,M
23,1,0,1,24.275,2.448,27.947,C
40,0,0,1,7.584,3.17,10.371,C
34,1,0,1,14.231,2.209,27.513,C
41,0,0,1,17.975,0.723,29.464,C
29,0,0,1,5.642,2.137,7.828,M
21,1,0,1,25.126,1.79,32.191,C
60,1,1,1,28.187,7.63,51.629,C
30,0,0,1,31.292,2.375,55.012,C
19,1,1,1,26.297,0.657,43.152,C
22,0,1,1,9.93,2.473,16.17,M
46,1,0,1,8.924,4.38,9.329,C
20,1,0,1,21.273,0.869,40.267,C
22,0,1,1,56.073,1.224,84.805,C
26,0,0,1,56.204,2.391,80.657,C
30,1,0,1,6.914,2.86,11.125,M
36,1,0,1,13.127,4.479,24.086,C
26,1,0,1,18.134,1.27,29.348,C
38,1,1,1,20.858,3.373,25.515,C
39,1,0,1,18.908,4.606,29.677,C
46,0,1,1,22.838,2.337,26.042,C
34,0,0,1,14.561,2.103,16.205,M
71,1,0,1,7.372,3.264,14.244,C
28,0,0,1,14.384,2.751,16.896,C
43,0,1,1,17.685,3.776,22.564,C
61,1,1,1,10.529,1.099,13.981,C
33,1,0,1,6.429,2.442,11.881,M
25,1,1,1,17.304,0.525,22.512,C
28,0,1,1,13.501,2.537,13.883,C
48,0,1,1,13.583,3.562,21.438,C
30,1,0,1,6.624,0.274,7.591,M
29,1,1,1,6.315,1.32,10.239,M
28,1,1,1,8.428,1.73,9.579,M
28,1,0,1,24.299,3.019,32.448,M
22,1,0,1,25.262,1.061,31.214,C
32,1,0,0,11.411,1.037,12.431,C
27,1,1,1,17.846,0.382,33.065,C
47,1,0,1,25.703,2.312,42.251,C
42,1,0,1,6.788,1.628,13.481,C
62,0,1,1,17.669,6.029,26.236,C
36,0,1,1,9.783,2.617,10.68,C
30,1,1,1,21.178,3.807,35.539,C
39,1,0,1,16.836,0.534,23.454,C
55,0,0,1,19.881,4.752,26.65,C
56,1,1,1,9.319,3.718,13.467,C
25,1,1,1,38.78,0.237,57.47,M
61,1,1,1,9.059,5.702,13.337,C
18,1,0,1,32.282,2.287,61.42,M
17,1,1,1,14.741,1.163,17.545,M
22,1,1,1,37.924,2.802,46.135,C
30,0,1,1,30.21,2.317,55.464,C
25,1,0,1,29.955,1.056,47.785,C
44,1,0,1,17.914,1.447,20.333,C
24,1,1,1,6.907,2.561,13.202,C
31,1,0,1,18.197,2.026,24.588,C
38,1,0,1,20.306,3.917,25.145,C
41,1,0,1,10.089,1.568,18.447,C
30,1,0,1,17.29,1.085,30.729,C
45,0,0,1,28.511,1.206,29.079,C
71,1,1,1,16.089,5.403,19.923,C
27,0,0,0,38.752,3.211,68.238,C
26,0,0,1,23.808,1.474,36.42,F
37,1,1,1,24.974,1.056,36.325,C
29,1,0,1,39.837,0.488,50.707,C
30,1,1,1,6.987,1.113,8.584,M
47,1,0,1,16.57,1.316,29.304,C
27,0,0,1,19.795,0.656,24.505,C
28,1,1,1,9.548,2.12,17.912,M
33,1,0,1,8.248,1.888,8.682,C
42,1,0,1,8.685,0.996,11.984,F
35,1,1,1,23.911,1.168,39.018,C
57,0,0,1,8.028,2.045,14.923,C
65,1,1,1,7.021,3.005,12.167,C
45,1,0,1,37.877,3.176,47.657,M
25,0,1,1,6.782,0.458,7.295,M
75,1,1,1,9.204,2.974,16.81,C
33,1,1,1,10.674,3.889,18.026,C
36,1,1,1,20.453,1.553,25.945,C
51,1,1,1,7.669,5.147,13.375,M
22,1,1,1,33.983,1.769,48.782,C
